path,symbol_id,class,user_id
hasy-data/v2-00345.png,70,0,10
hasy-data/v2-00346.png,70,0,31
hasy-data/v2-00347.png,70,0,10
hasy-data/v2-00348.png,70,0,10
hasy-data/v2-00349.png,70,0,10
hasy-data/v2-00350.png,70,0,10
hasy-data/v2-00351.png,70,0,517
hasy-data/v2-00352.png,70,0,1001
hasy-data/v2-00353.png,70,0,5879
hasy-data/v2-00354.png,70,0,6902
hasy-data/v2-00355.png,70,0,8071
hasy-data/v2-00356.png,70,0,8486
hasy-data/v2-00357.png,70,0,9224
hasy-data/v2-00358.png,71,1,10
hasy-data/v2-00359.png,71,1,28
hasy-data/v2-00360.png,71,1,44
hasy-data/v2-00361.png,71,1,10
hasy-data/v2-00362.png,71,1,10
hasy-data/v2-00363.png,71,1,517
hasy-data/v2-00364.png,71,1,4033
hasy-data/v2-00365.png,71,1,5852
hasy-data/v2-00366.png,71,1,6902
hasy-data/v2-00367.png,71,1,7001
hasy-data/v2-00368.png,71,1,8486
hasy-data/v2-00369.png,71,1,8486
hasy-data/v2-00370.png,72,2,53
hasy-data/v2-00371.png,72,2,4435
hasy-data/v2-00372.png,72,2,5879
hasy-data/v2-00373.png,72,2,6483
hasy-data/v2-00374.png,72,2,6567
hasy-data/v2-00375.png,72,2,8071
hasy-data/v2-00376.png,72,2,6483
hasy-data/v2-00377.png,72,2,10
hasy-data/v2-00378.png,72,2,8486
hasy-data/v2-00379.png,72,2,8486
hasy-data/v2-00380.png,72,2,8486
hasy-data/v2-00381.png,72,2,16925
hasy-data/v2-00382.png,73,3,53
hasy-data/v2-00383.png,73,3,10
hasy-data/v2-00384.png,73,3,1710
hasy-data/v2-00385.png,73,3,4033
hasy-data/v2-00386.png,73,3,6483
hasy-data/v2-00387.png,73,3,6483
hasy-data/v2-00388.png,73,3,6483
hasy-data/v2-00389.png,73,3,6483
hasy-data/v2-00390.png,73,3,8457
hasy-data/v2-00391.png,73,3,8632
hasy-data/v2-00392.png,73,3,8754
hasy-data/v2-00393.png,73,3,21606
hasy-data/v2-00394.png,74,4,55
hasy-data/v2-00395.png,74,4,5579
hasy-data/v2-00396.png,74,4,5959
hasy-data/v2-00397.png,74,4,7001
hasy-data/v2-00398.png,74,4,3320
hasy-data/v2-00399.png,74,4,8486
hasy-data/v2-00400.png,74,4,9224
hasy-data/v2-00401.png,75,5,10
hasy-data/v2-00402.png,75,5,5579
hasy-data/v2-00403.png,75,5,6188
hasy-data/v2-00404.png,75,5,6749
hasy-data/v2-00405.png,75,5,6902
hasy-data/v2-00406.png,75,5,7957
hasy-data/v2-00407.png,75,5,9017
hasy-data/v2-00408.png,75,5,21606
hasy-data/v2-00409.png,76,6,40
hasy-data/v2-00410.png,76,6,47
hasy-data/v2-00411.png,76,6,10
hasy-data/v2-00412.png,76,6,10
hasy-data/v2-00413.png,76,6,517
hasy-data/v2-00414.png,76,6,10
hasy-data/v2-00415.png,76,6,7001
hasy-data/v2-00416.png,76,6,7001
hasy-data/v2-00417.png,76,6,8633
hasy-data/v2-00418.png,76,6,8486
hasy-data/v2-00419.png,77,7,47
hasy-data/v2-00420.png,77,7,10
hasy-data/v2-00421.png,77,7,10
hasy-data/v2-00422.png,77,7,4033
hasy-data/v2-00423.png,77,7,5579
hasy-data/v2-00424.png,77,7,5877
hasy-data/v2-00425.png,77,7,6483
hasy-data/v2-00426.png,77,7,6958
hasy-data/v2-00427.png,77,7,8324
hasy-data/v2-00428.png,78,8,23
hasy-data/v2-00429.png,78,8,28
hasy-data/v2-00430.png,78,8,34
hasy-data/v2-00431.png,78,8,53
hasy-data/v2-00432.png,78,8,10
hasy-data/v2-00433.png,78,8,5934
hasy-data/v2-00434.png,78,8,8486
hasy-data/v2-00435.png,78,8,8754
hasy-data/v2-00436.png,78,8,9224
hasy-data/v2-00437.png,78,8,10
hasy-data/v2-00438.png,78,8,8486
hasy-data/v2-00439.png,78,8,8486
hasy-data/v2-00440.png,79,9,10
hasy-data/v2-00441.png,79,9,55
hasy-data/v2-00442.png,79,9,10
hasy-data/v2-00443.png,79,9,5579
hasy-data/v2-00444.png,79,9,6188
hasy-data/v2-00445.png,79,9,3320
hasy-data/v2-00446.png,79,9,8486
hasy-data/v2-00447.png,79,9,9017
hasy-data/v2-00448.png,79,9,21606
hasy-data/v2-01577.png,113,x,48
hasy-data/v2-01578.png,113,x,59
hasy-data/v2-01579.png,113,x,1710
hasy-data/v2-01580.png,113,x,5822
hasy-data/v2-01581.png,113,x,15
hasy-data/v2-01582.png,113,x,50
hasy-data/v2-01583.png,113,x,8486
hasy-data/v2-05568.png,195,-,31
hasy-data/v2-05569.png,195,-,50
hasy-data/v2-05570.png,195,-,5572
hasy-data/v2-05571.png,195,-,6188
hasy-data/v2-05572.png,195,-,6477
hasy-data/v2-05573.png,195,-,6483
hasy-data/v2-05574.png,195,-,6483
hasy-data/v2-05575.png,195,-,6483
hasy-data/v2-05576.png,195,-,6483
hasy-data/v2-05577.png,195,-,6483
hasy-data/v2-05578.png,195,-,8486
hasy-data/v2-05579.png,195,-,8486
hasy-data/v2-05580.png,196,+,53
hasy-data/v2-05581.png,196,+,1710
hasy-data/v2-05582.png,196,+,4142
hasy-data/v2-05583.png,196,+,6567
hasy-data/v2-05584.png,196,+,6672
hasy-data/v2-05585.png,196,+,6903
hasy-data/v2-05586.png,196,+,8082
hasy-data/v2-05587.png,196,+,3320
hasy-data/v2-05588.png,196,+,10
hasy-data/v2-06587.png,513,×,10
hasy-data/v2-06588.png,513,×,10
hasy-data/v2-06589.png,513,×,10
hasy-data/v2-06590.png,513,×,10
hasy-data/v2-06591.png,513,×,10
hasy-data/v2-06592.png,513,×,10
hasy-data/v2-06593.png,513,×,10
hasy-data/v2-06594.png,513,×,10
hasy-data/v2-06595.png,513,×,3620
hasy-data/v2-06596.png,513,×,4142
hasy-data/v2-06597.png,513,×,6483
hasy-data/v2-06598.png,513,×,7713
hasy-data/v2-06599.png,513,×,8486
hasy-data/v2-06600.png,513,×,8486
hasy-data/v2-06601.png,513,×,16925
hasy-data/v2-06602.png,513,×,16925
hasy-data/v2-06603.png,513,×,16925
hasy-data/v2-06604.png,513,×,16925
hasy-data/v2-06605.png,513,×,16925
hasy-data/v2-06606.png,513,×,16925
hasy-data/v2-06607.png,513,×,16925
hasy-data/v2-06608.png,513,×,16925
hasy-data/v2-06609.png,513,×,16925
hasy-data/v2-06610.png,513,×,16925
hasy-data/v2-06611.png,513,×,16925
hasy-data/v2-06612.png,513,×,16925
hasy-data/v2-06613.png,513,×,16925
hasy-data/v2-06614.png,513,×,16925
hasy-data/v2-06615.png,513,×,16925
hasy-data/v2-06616.png,513,×,16925
hasy-data/v2-06617.png,513,×,16925
hasy-data/v2-06618.png,513,×,16925
hasy-data/v2-06619.png,513,×,16925
hasy-data/v2-06620.png,513,×,16925
hasy-data/v2-06621.png,513,×,16925
hasy-data/v2-06622.png,513,×,16925
hasy-data/v2-06623.png,513,×,16925
hasy-data/v2-06624.png,513,×,16925
hasy-data/v2-06625.png,513,×,16925
hasy-data/v2-06626.png,513,×,16925
hasy-data/v2-06627.png,513,×,16925
hasy-data/v2-06628.png,513,×,16925
hasy-data/v2-06629.png,513,×,16925
hasy-data/v2-06630.png,513,×,16925
hasy-data/v2-06631.png,513,×,16925
hasy-data/v2-06632.png,513,×,16925
hasy-data/v2-06633.png,513,×,16925
hasy-data/v2-06634.png,513,×,16925
hasy-data/v2-06635.png,513,×,16925
hasy-data/v2-06636.png,513,×,16925
hasy-data/v2-06637.png,513,×,16925
hasy-data/v2-06638.png,513,×,16925
hasy-data/v2-06639.png,513,×,16925
hasy-data/v2-06640.png,513,×,16925
hasy-data/v2-06641.png,513,×,16925
hasy-data/v2-06642.png,513,×,16925
hasy-data/v2-06643.png,513,×,16925
hasy-data/v2-06644.png,513,×,16925
hasy-data/v2-06645.png,513,×,16925
hasy-data/v2-06646.png,513,×,16925
hasy-data/v2-06647.png,513,×,16925
hasy-data/v2-06648.png,513,×,16925
hasy-data/v2-06649.png,513,×,16925
hasy-data/v2-06650.png,513,×,16925
hasy-data/v2-06651.png,513,×,16925
hasy-data/v2-06652.png,513,×,16925
hasy-data/v2-06653.png,513,×,16925
hasy-data/v2-06654.png,513,×,16925
hasy-data/v2-06655.png,513,×,16925
hasy-data/v2-06656.png,513,×,16925
hasy-data/v2-06657.png,513,×,16925
hasy-data/v2-06658.png,513,×,16925
hasy-data/v2-06659.png,513,×,16925
hasy-data/v2-06660.png,513,×,16925
hasy-data/v2-06661.png,513,×,16925
hasy-data/v2-06662.png,513,×,16925
hasy-data/v2-06663.png,513,×,16925
hasy-data/v2-06664.png,513,×,16925
hasy-data/v2-06665.png,513,×,16925
hasy-data/v2-06666.png,513,×,16925
hasy-data/v2-06667.png,513,×,16925
hasy-data/v2-06668.png,513,×,16925
hasy-data/v2-06669.png,513,×,16925
hasy-data/v2-06670.png,513,×,16925
hasy-data/v2-06671.png,513,×,16925
hasy-data/v2-06672.png,513,×,16925
hasy-data/v2-06673.png,513,×,16925
hasy-data/v2-06674.png,513,×,16925
hasy-data/v2-06675.png,513,×,16925
hasy-data/v2-06676.png,513,×,16925
hasy-data/v2-06677.png,513,×,16925
hasy-data/v2-06678.png,513,×,16925
hasy-data/v2-06679.png,513,×,16925
hasy-data/v2-06680.png,513,×,16925
hasy-data/v2-06681.png,513,×,16925
hasy-data/v2-06682.png,513,×,16925
hasy-data/v2-06683.png,513,×,16925
hasy-data/v2-06684.png,513,×,16925
hasy-data/v2-06685.png,513,×,16925
hasy-data/v2-06686.png,513,×,16925
hasy-data/v2-06687.png,513,×,16925
hasy-data/v2-06688.png,513,×,16925
hasy-data/v2-06689.png,513,×,16925
hasy-data/v2-06690.png,513,×,16925
hasy-data/v2-06691.png,513,×,16925
hasy-data/v2-06692.png,513,×,16925
hasy-data/v2-06693.png,513,×,16925
hasy-data/v2-06694.png,513,×,16925
hasy-data/v2-06695.png,513,×,16925
hasy-data/v2-06696.png,513,×,16925
hasy-data/v2-06697.png,513,×,16925
hasy-data/v2-06698.png,513,×,16925
hasy-data/v2-06699.png,513,×,16925
hasy-data/v2-06700.png,513,×,16925
hasy-data/v2-06701.png,513,×,16925
hasy-data/v2-06702.png,513,×,16925
hasy-data/v2-06703.png,513,×,16925
hasy-data/v2-06704.png,513,×,16925
hasy-data/v2-06705.png,513,×,16925
hasy-data/v2-06706.png,513,×,16925
hasy-data/v2-06707.png,513,×,16925
hasy-data/v2-06708.png,513,×,16925
hasy-data/v2-06709.png,513,×,16925
hasy-data/v2-06710.png,513,×,16925
hasy-data/v2-06711.png,513,×,16925
hasy-data/v2-06712.png,513,×,16925
hasy-data/v2-06713.png,513,×,16925
hasy-data/v2-06714.png,513,×,16925
hasy-data/v2-06715.png,513,×,16925
hasy-data/v2-06716.png,513,×,16925
hasy-data/v2-06717.png,513,×,16925
hasy-data/v2-06718.png,513,×,16925
hasy-data/v2-06719.png,513,×,16925
hasy-data/v2-06720.png,513,×,16925
hasy-data/v2-06721.png,513,×,16925
hasy-data/v2-06722.png,513,×,16925
hasy-data/v2-06723.png,513,×,16925
hasy-data/v2-06724.png,513,×,16925
hasy-data/v2-06725.png,513,×,16925
hasy-data/v2-06726.png,513,×,16925
hasy-data/v2-06727.png,513,×,16925
hasy-data/v2-06728.png,513,×,16925
hasy-data/v2-06729.png,513,×,16925
hasy-data/v2-06730.png,513,×,16925
hasy-data/v2-06731.png,513,×,16925
hasy-data/v2-06732.png,513,×,16925
hasy-data/v2-06733.png,513,×,16925
hasy-data/v2-06734.png,513,×,16925
hasy-data/v2-06735.png,513,×,16925
hasy-data/v2-06736.png,513,×,16925
hasy-data/v2-06737.png,513,×,16925
hasy-data/v2-07111.png,526,÷,6483
hasy-data/v2-07112.png,526,÷,6483
hasy-data/v2-07113.png,526,÷,15
hasy-data/v2-07114.png,526,÷,16925
hasy-data/v2-07115.png,526,÷,16925
hasy-data/v2-07116.png,526,÷,16925
hasy-data/v2-07117.png,526,÷,16925
hasy-data/v2-07118.png,526,÷,16925
hasy-data/v2-07119.png,526,÷,16925
hasy-data/v2-07120.png,526,÷,16925
hasy-data/v2-07121.png,526,÷,16925
hasy-data/v2-07122.png,526,÷,16925
hasy-data/v2-07123.png,526,÷,16925
hasy-data/v2-07124.png,526,÷,16925
hasy-data/v2-07125.png,526,÷,16925
hasy-data/v2-07126.png,526,÷,16925
hasy-data/v2-07127.png,526,÷,16925
hasy-data/v2-07128.png,526,÷,16925
hasy-data/v2-07129.png,526,÷,16925
hasy-data/v2-07130.png,526,÷,16925
hasy-data/v2-07131.png,526,÷,16925
hasy-data/v2-07132.png,526,÷,16925
hasy-data/v2-07133.png,526,÷,16925
hasy-data/v2-07134.png,526,÷,16925
hasy-data/v2-07135.png,526,÷,16925
hasy-data/v2-07136.png,526,÷,16925
hasy-data/v2-07137.png,526,÷,16925
hasy-data/v2-07138.png,526,÷,16925
hasy-data/v2-07139.png,526,÷,16925
hasy-data/v2-07140.png,526,÷,16925
hasy-data/v2-07141.png,526,÷,16925
hasy-data/v2-07142.png,526,÷,16925
hasy-data/v2-07143.png,526,÷,16925
hasy-data/v2-07144.png,526,÷,16925
hasy-data/v2-19912.png,70,0,10
hasy-data/v2-19913.png,70,0,15
hasy-data/v2-19914.png,70,0,10
hasy-data/v2-19915.png,70,0,10
hasy-data/v2-19916.png,70,0,10
hasy-data/v2-19917.png,70,0,28
hasy-data/v2-19918.png,70,0,30
hasy-data/v2-19919.png,70,0,34
hasy-data/v2-19920.png,70,0,32
hasy-data/v2-19921.png,70,0,35
hasy-data/v2-19922.png,70,0,40
hasy-data/v2-19923.png,70,0,44
hasy-data/v2-19924.png,70,0,46
hasy-data/v2-19925.png,70,0,47
hasy-data/v2-19926.png,70,0,48
hasy-data/v2-19927.png,70,0,10
hasy-data/v2-19928.png,70,0,10
hasy-data/v2-19929.png,70,0,10
hasy-data/v2-19930.png,70,0,10
hasy-data/v2-19931.png,70,0,10
hasy-data/v2-19932.png,70,0,10
hasy-data/v2-19933.png,70,0,10
hasy-data/v2-19934.png,70,0,10
hasy-data/v2-19935.png,70,0,10
hasy-data/v2-19936.png,70,0,10
hasy-data/v2-19937.png,70,0,10
hasy-data/v2-19938.png,70,0,10
hasy-data/v2-19939.png,70,0,10
hasy-data/v2-19940.png,70,0,10
hasy-data/v2-19941.png,70,0,10
hasy-data/v2-19942.png,70,0,10
hasy-data/v2-19943.png,70,0,10
hasy-data/v2-19944.png,70,0,10
hasy-data/v2-19945.png,70,0,10
hasy-data/v2-19946.png,70,0,10
hasy-data/v2-19947.png,70,0,10
hasy-data/v2-19948.png,70,0,10
hasy-data/v2-19949.png,70,0,10
hasy-data/v2-19950.png,70,0,10
hasy-data/v2-19951.png,70,0,10
hasy-data/v2-19952.png,70,0,10
hasy-data/v2-19953.png,70,0,10
hasy-data/v2-19954.png,70,0,10
hasy-data/v2-19955.png,70,0,10
hasy-data/v2-19956.png,70,0,10
hasy-data/v2-19957.png,70,0,10
hasy-data/v2-19958.png,70,0,10
hasy-data/v2-19959.png,70,0,10
hasy-data/v2-19960.png,70,0,10
hasy-data/v2-19961.png,70,0,10
hasy-data/v2-19962.png,70,0,10
hasy-data/v2-19963.png,70,0,10
hasy-data/v2-19964.png,70,0,10
hasy-data/v2-19965.png,70,0,10
hasy-data/v2-19966.png,70,0,10
hasy-data/v2-19967.png,70,0,10
hasy-data/v2-19968.png,70,0,10
hasy-data/v2-19969.png,70,0,10
hasy-data/v2-19970.png,70,0,10
hasy-data/v2-19971.png,70,0,10
hasy-data/v2-19972.png,70,0,10
hasy-data/v2-19973.png,70,0,10
hasy-data/v2-19974.png,70,0,10
hasy-data/v2-19975.png,70,0,10
hasy-data/v2-19976.png,70,0,10
hasy-data/v2-19977.png,70,0,10
hasy-data/v2-19978.png,70,0,10
hasy-data/v2-19979.png,70,0,10
hasy-data/v2-19980.png,70,0,10
hasy-data/v2-19981.png,70,0,10
hasy-data/v2-19982.png,70,0,10
hasy-data/v2-19983.png,70,0,10
hasy-data/v2-19984.png,70,0,50
hasy-data/v2-19985.png,70,0,53
hasy-data/v2-19986.png,70,0,55
hasy-data/v2-19987.png,70,0,59
hasy-data/v2-19988.png,70,0,1692
hasy-data/v2-19989.png,70,0,1696
hasy-data/v2-19990.png,70,0,1710
hasy-data/v2-19991.png,70,0,3620
hasy-data/v2-19992.png,70,0,4033
hasy-data/v2-19993.png,70,0,4142
hasy-data/v2-19994.png,70,0,4142
hasy-data/v2-19995.png,70,0,4435
hasy-data/v2-19996.png,70,0,5572
hasy-data/v2-19997.png,70,0,5579
hasy-data/v2-19998.png,70,0,5822
hasy-data/v2-19999.png,70,0,5852
hasy-data/v2-20000.png,70,0,5877
hasy-data/v2-20001.png,70,0,5959
hasy-data/v2-20002.png,70,0,5864
hasy-data/v2-20003.png,70,0,6188
hasy-data/v2-20004.png,70,0,6411
hasy-data/v2-20005.png,70,0,6477
hasy-data/v2-20006.png,70,0,6483
hasy-data/v2-20007.png,70,0,6567
hasy-data/v2-20008.png,70,0,6565
hasy-data/v2-20009.png,70,0,6672
hasy-data/v2-20010.png,70,0,6744
hasy-data/v2-20011.png,70,0,6899
hasy-data/v2-20012.png,70,0,7001
hasy-data/v2-20013.png,70,0,7052
hasy-data/v2-20014.png,70,0,6958
hasy-data/v2-20015.png,70,0,7957
hasy-data/v2-20016.png,70,0,8324
hasy-data/v2-20017.png,70,0,8457
hasy-data/v2-20018.png,70,0,8633
hasy-data/v2-20019.png,70,0,8754
hasy-data/v2-20020.png,70,0,9017
hasy-data/v2-20021.png,70,0,9283
hasy-data/v2-20022.png,70,0,9505
hasy-data/v2-20023.png,70,0,53841
hasy-data/v2-20024.png,70,0,59154
hasy-data/v2-20025.png,70,0,92768
hasy-data/v2-20026.png,70,0,101338
hasy-data/v2-20027.png,70,0,116471
hasy-data/v2-20028.png,70,0,117684
hasy-data/v2-20029.png,70,0,124511
hasy-data/v2-20030.png,70,0,124916
hasy-data/v2-20031.png,70,0,125926
hasy-data/v2-20032.png,71,1,10
hasy-data/v2-20033.png,71,1,10
hasy-data/v2-20034.png,71,1,15
hasy-data/v2-20035.png,71,1,15
hasy-data/v2-20036.png,71,1,10
hasy-data/v2-20037.png,71,1,10
hasy-data/v2-20038.png,71,1,10
hasy-data/v2-20039.png,71,1,23
hasy-data/v2-20040.png,71,1,26
hasy-data/v2-20041.png,71,1,10
hasy-data/v2-20042.png,71,1,10
hasy-data/v2-20043.png,71,1,10
hasy-data/v2-20044.png,71,1,10
hasy-data/v2-20045.png,71,1,30
hasy-data/v2-20046.png,71,1,31
hasy-data/v2-20047.png,71,1,34
hasy-data/v2-20048.png,71,1,32
hasy-data/v2-20049.png,71,1,35
hasy-data/v2-20050.png,71,1,46
hasy-data/v2-20051.png,71,1,47
hasy-data/v2-20052.png,71,1,48
hasy-data/v2-20053.png,71,1,10
hasy-data/v2-20054.png,71,1,50
hasy-data/v2-20055.png,71,1,53
hasy-data/v2-20056.png,71,1,55
hasy-data/v2-20057.png,71,1,10
hasy-data/v2-20058.png,71,1,10
hasy-data/v2-20059.png,71,1,10
hasy-data/v2-20060.png,71,1,10
hasy-data/v2-20061.png,71,1,10
hasy-data/v2-20062.png,71,1,10
hasy-data/v2-20063.png,71,1,10
hasy-data/v2-20064.png,71,1,59
hasy-data/v2-20065.png,71,1,1692
hasy-data/v2-20066.png,71,1,1710
hasy-data/v2-20067.png,71,1,3620
hasy-data/v2-20068.png,71,1,4142
hasy-data/v2-20069.png,71,1,4435
hasy-data/v2-20070.png,71,1,5572
hasy-data/v2-20071.png,71,1,5579
hasy-data/v2-20072.png,71,1,5822
hasy-data/v2-20073.png,71,1,5877
hasy-data/v2-20074.png,71,1,5879
hasy-data/v2-20075.png,71,1,5959
hasy-data/v2-20076.png,71,1,5864
hasy-data/v2-20077.png,71,1,1696
hasy-data/v2-20078.png,71,1,6188
hasy-data/v2-20079.png,71,1,6411
hasy-data/v2-20080.png,71,1,6477
hasy-data/v2-20081.png,71,1,6483
hasy-data/v2-20082.png,71,1,6567
hasy-data/v2-20083.png,71,1,6565
hasy-data/v2-20084.png,71,1,6567
hasy-data/v2-20085.png,71,1,6640
hasy-data/v2-20086.png,71,1,6662
hasy-data/v2-20087.png,71,1,6662
hasy-data/v2-20088.png,71,1,6672
hasy-data/v2-20089.png,71,1,6745
hasy-data/v2-20090.png,71,1,6899
hasy-data/v2-20091.png,71,1,6483
hasy-data/v2-20092.png,71,1,7045
hasy-data/v2-20093.png,71,1,7052
hasy-data/v2-20094.png,71,1,10
hasy-data/v2-20095.png,71,1,6958
hasy-data/v2-20096.png,71,1,7957
hasy-data/v2-20097.png,71,1,7841
hasy-data/v2-20098.png,71,1,8082
hasy-data/v2-20099.png,71,1,10
hasy-data/v2-20100.png,71,1,8071
hasy-data/v2-20101.png,71,1,8324
hasy-data/v2-20102.png,71,1,8457
hasy-data/v2-20103.png,71,1,8486
hasy-data/v2-20104.png,71,1,8486
hasy-data/v2-20105.png,71,1,8633
hasy-data/v2-20106.png,71,1,8633
hasy-data/v2-20107.png,71,1,8754
hasy-data/v2-20108.png,71,1,9017
hasy-data/v2-20109.png,71,1,9017
hasy-data/v2-20110.png,71,1,15
hasy-data/v2-20111.png,71,1,9153
hasy-data/v2-20112.png,71,1,9224
hasy-data/v2-20113.png,71,1,9283
hasy-data/v2-20114.png,71,1,9339
hasy-data/v2-20115.png,71,1,9505
hasy-data/v2-20116.png,71,1,15
hasy-data/v2-20117.png,71,1,8486
hasy-data/v2-20118.png,71,1,8486
hasy-data/v2-20119.png,71,1,8486
hasy-data/v2-20120.png,71,1,8486
hasy-data/v2-20121.png,71,1,8486
hasy-data/v2-20122.png,71,1,8486
hasy-data/v2-20123.png,71,1,8486
hasy-data/v2-20124.png,71,1,8486
hasy-data/v2-20125.png,71,1,16925
hasy-data/v2-20126.png,71,1,21606
hasy-data/v2-20127.png,71,1,53841
hasy-data/v2-20128.png,71,1,59154
hasy-data/v2-20129.png,71,1,92020
hasy-data/v2-20130.png,71,1,92768
hasy-data/v2-20131.png,71,1,101339
hasy-data/v2-20132.png,71,1,101354
hasy-data/v2-20133.png,71,1,116471
hasy-data/v2-20134.png,71,1,117684
hasy-data/v2-20135.png,71,1,124511
hasy-data/v2-20136.png,71,1,124916
hasy-data/v2-20137.png,71,1,125926
hasy-data/v2-20138.png,72,2,10
hasy-data/v2-20139.png,72,2,15
hasy-data/v2-20140.png,72,2,10
hasy-data/v2-20141.png,72,2,10
hasy-data/v2-20142.png,72,2,10
hasy-data/v2-20143.png,72,2,10
hasy-data/v2-20144.png,72,2,23
hasy-data/v2-20145.png,72,2,26
hasy-data/v2-20146.png,72,2,28
hasy-data/v2-20147.png,72,2,27
hasy-data/v2-20148.png,72,2,30
hasy-data/v2-20149.png,72,2,30
hasy-data/v2-20150.png,72,2,31
hasy-data/v2-20151.png,72,2,34
hasy-data/v2-20152.png,72,2,32
hasy-data/v2-20153.png,72,2,35
hasy-data/v2-20154.png,72,2,40
hasy-data/v2-20155.png,72,2,44
hasy-data/v2-20156.png,72,2,46
hasy-data/v2-20157.png,72,2,46
hasy-data/v2-20158.png,72,2,47
hasy-data/v2-20159.png,72,2,48
hasy-data/v2-20160.png,72,2,10
hasy-data/v2-20161.png,72,2,50
hasy-data/v2-20162.png,72,2,55
hasy-data/v2-20163.png,72,2,10
hasy-data/v2-20164.png,72,2,10
hasy-data/v2-20165.png,72,2,10
hasy-data/v2-20166.png,72,2,10
hasy-data/v2-20167.png,72,2,10
hasy-data/v2-20168.png,72,2,10
hasy-data/v2-20169.png,72,2,10
hasy-data/v2-20170.png,72,2,10
hasy-data/v2-20171.png,72,2,10
hasy-data/v2-20172.png,72,2,10
hasy-data/v2-20173.png,72,2,10
hasy-data/v2-20174.png,72,2,10
hasy-data/v2-20175.png,72,2,59
hasy-data/v2-20176.png,72,2,62
hasy-data/v2-20177.png,72,2,517
hasy-data/v2-20178.png,72,2,1692
hasy-data/v2-20179.png,72,2,1710
hasy-data/v2-20180.png,72,2,3620
hasy-data/v2-20181.png,72,2,4033
hasy-data/v2-20182.png,72,2,4142
hasy-data/v2-20183.png,72,2,5572
hasy-data/v2-20184.png,72,2,5579
hasy-data/v2-20185.png,72,2,5822
hasy-data/v2-20186.png,72,2,5852
hasy-data/v2-20187.png,72,2,5852
hasy-data/v2-20188.png,72,2,5877
hasy-data/v2-20189.png,72,2,5895
hasy-data/v2-20190.png,72,2,5959
hasy-data/v2-20191.png,72,2,5864
hasy-data/v2-20192.png,72,2,1696
hasy-data/v2-20193.png,72,2,6188
hasy-data/v2-20194.png,72,2,6411
hasy-data/v2-20195.png,72,2,6565
hasy-data/v2-20196.png,72,2,6567
hasy-data/v2-20197.png,72,2,6662
hasy-data/v2-20198.png,72,2,6672
hasy-data/v2-20199.png,72,2,6746
hasy-data/v2-20200.png,72,2,6899
hasy-data/v2-20201.png,72,2,6902
hasy-data/v2-20202.png,72,2,7001
hasy-data/v2-20203.png,72,2,7045
hasy-data/v2-20204.png,72,2,7052
hasy-data/v2-20205.png,72,2,6958
hasy-data/v2-20206.png,72,2,7957
hasy-data/v2-20207.png,72,2,8324
hasy-data/v2-20208.png,72,2,8457
hasy-data/v2-20209.png,72,2,8486
hasy-data/v2-20210.png,72,2,8633
hasy-data/v2-20211.png,72,2,8633
hasy-data/v2-20212.png,72,2,8633
hasy-data/v2-20213.png,72,2,8754
hasy-data/v2-20214.png,72,2,9017
hasy-data/v2-20215.png,72,2,15
hasy-data/v2-20216.png,72,2,9153
hasy-data/v2-20217.png,72,2,9224
hasy-data/v2-20218.png,72,2,10
hasy-data/v2-20219.png,72,2,10
hasy-data/v2-20220.png,72,2,9283
hasy-data/v2-20221.png,72,2,9505
hasy-data/v2-20222.png,72,2,50
hasy-data/v2-20223.png,72,2,50
hasy-data/v2-20224.png,72,2,8486
hasy-data/v2-20225.png,72,2,8486
hasy-data/v2-20226.png,72,2,8486
hasy-data/v2-20227.png,72,2,8486
hasy-data/v2-20228.png,72,2,8486
hasy-data/v2-20229.png,72,2,8486
hasy-data/v2-20230.png,72,2,8486
hasy-data/v2-20231.png,72,2,8486
hasy-data/v2-20232.png,72,2,8486
hasy-data/v2-20233.png,72,2,8486
hasy-data/v2-20234.png,72,2,8486
hasy-data/v2-20235.png,72,2,16925
hasy-data/v2-20236.png,72,2,16925
hasy-data/v2-20237.png,72,2,21606
hasy-data/v2-20238.png,72,2,53841
hasy-data/v2-20239.png,72,2,59154
hasy-data/v2-20240.png,72,2,66562
hasy-data/v2-20241.png,72,2,92768
hasy-data/v2-20242.png,72,2,101336
hasy-data/v2-20243.png,72,2,101340
hasy-data/v2-20244.png,72,2,101341
hasy-data/v2-20245.png,72,2,116471
hasy-data/v2-20246.png,72,2,117684
hasy-data/v2-20247.png,72,2,124511
hasy-data/v2-20248.png,72,2,124916
hasy-data/v2-20249.png,72,2,125926
hasy-data/v2-20250.png,73,3,10
hasy-data/v2-20251.png,73,3,15
hasy-data/v2-20252.png,73,3,10
hasy-data/v2-20253.png,73,3,10
hasy-data/v2-20254.png,73,3,10
hasy-data/v2-20255.png,73,3,10
hasy-data/v2-20256.png,73,3,23
hasy-data/v2-20257.png,73,3,10
hasy-data/v2-20258.png,73,3,10
hasy-data/v2-20259.png,73,3,10
hasy-data/v2-20260.png,73,3,10
hasy-data/v2-20261.png,73,3,10
hasy-data/v2-20262.png,73,3,26
hasy-data/v2-20263.png,73,3,28
hasy-data/v2-20264.png,73,3,30
hasy-data/v2-20265.png,73,3,30
hasy-data/v2-20266.png,73,3,31
hasy-data/v2-20267.png,73,3,34
hasy-data/v2-20268.png,73,3,32
hasy-data/v2-20269.png,73,3,35
hasy-data/v2-20270.png,73,3,40
hasy-data/v2-20271.png,73,3,44
hasy-data/v2-20272.png,73,3,46
hasy-data/v2-20273.png,73,3,47
hasy-data/v2-20274.png,73,3,48
hasy-data/v2-20275.png,73,3,50
hasy-data/v2-20276.png,73,3,55
hasy-data/v2-20277.png,73,3,10
hasy-data/v2-20278.png,73,3,10
hasy-data/v2-20279.png,73,3,10
hasy-data/v2-20280.png,73,3,10
hasy-data/v2-20281.png,73,3,10
hasy-data/v2-20282.png,73,3,10
hasy-data/v2-20283.png,73,3,59
hasy-data/v2-20284.png,73,3,10
hasy-data/v2-20285.png,73,3,517
hasy-data/v2-20286.png,73,3,4142
hasy-data/v2-20287.png,73,3,4435
hasy-data/v2-20288.png,73,3,5572
hasy-data/v2-20289.png,73,3,5579
hasy-data/v2-20290.png,73,3,5822
hasy-data/v2-20291.png,73,3,5852
hasy-data/v2-20292.png,73,3,5877
hasy-data/v2-20293.png,73,3,5879
hasy-data/v2-20294.png,73,3,5959
hasy-data/v2-20295.png,73,3,5864
hasy-data/v2-20296.png,73,3,10
hasy-data/v2-20297.png,73,3,1696
hasy-data/v2-20298.png,73,3,6188
hasy-data/v2-20299.png,73,3,6483
hasy-data/v2-20300.png,73,3,6567
hasy-data/v2-20301.png,73,3,6565
hasy-data/v2-20302.png,73,3,6483
hasy-data/v2-20303.png,73,3,6643
hasy-data/v2-20304.png,73,3,6662
hasy-data/v2-20305.png,73,3,6672
hasy-data/v2-20306.png,73,3,6747
hasy-data/v2-20307.png,73,3,6899
hasy-data/v2-20308.png,73,3,6902
hasy-data/v2-20309.png,73,3,7001
hasy-data/v2-20310.png,73,3,5879
hasy-data/v2-20311.png,73,3,7045
hasy-data/v2-20312.png,73,3,7052
hasy-data/v2-20313.png,73,3,7637
hasy-data/v2-20314.png,73,3,6958
hasy-data/v2-20315.png,73,3,7957
hasy-data/v2-20316.png,73,3,8082
hasy-data/v2-20317.png,73,3,8324
hasy-data/v2-20318.png,73,3,6483
hasy-data/v2-20319.png,73,3,6483
hasy-data/v2-20320.png,73,3,6483
hasy-data/v2-20321.png,73,3,6483
hasy-data/v2-20322.png,73,3,6483
hasy-data/v2-20323.png,73,3,6483
hasy-data/v2-20324.png,73,3,6483
hasy-data/v2-20325.png,73,3,6483
hasy-data/v2-20326.png,73,3,6483
hasy-data/v2-20327.png,73,3,6483
hasy-data/v2-20328.png,73,3,6483
hasy-data/v2-20329.png,73,3,6483
hasy-data/v2-20330.png,73,3,6483
hasy-data/v2-20331.png,73,3,8071
hasy-data/v2-20332.png,73,3,8486
hasy-data/v2-20333.png,73,3,8633
hasy-data/v2-20334.png,73,3,8633
hasy-data/v2-20335.png,73,3,9017
hasy-data/v2-20336.png,73,3,15
hasy-data/v2-20337.png,73,3,9153
hasy-data/v2-20338.png,73,3,15
hasy-data/v2-20339.png,73,3,15
hasy-data/v2-20340.png,73,3,9224
hasy-data/v2-20341.png,73,3,9283
hasy-data/v2-20342.png,73,3,9505
hasy-data/v2-20343.png,73,3,16925
hasy-data/v2-20344.png,73,3,16925
hasy-data/v2-20345.png,73,3,16925
hasy-data/v2-20346.png,73,3,16925
hasy-data/v2-20347.png,73,3,16925
hasy-data/v2-20348.png,73,3,16925
hasy-data/v2-20349.png,73,3,53841
hasy-data/v2-20350.png,73,3,59154
hasy-data/v2-20351.png,73,3,88494
hasy-data/v2-20352.png,73,3,92768
hasy-data/v2-20353.png,73,3,101342
hasy-data/v2-20354.png,73,3,116471
hasy-data/v2-20355.png,73,3,124511
hasy-data/v2-20356.png,73,3,124916
hasy-data/v2-20357.png,73,3,125926
hasy-data/v2-20358.png,74,4,46
hasy-data/v2-20359.png,74,4,47
hasy-data/v2-20360.png,74,4,48
hasy-data/v2-20361.png,74,4,50
hasy-data/v2-20362.png,74,4,55
hasy-data/v2-20363.png,74,4,59
hasy-data/v2-20364.png,74,4,517
hasy-data/v2-20365.png,74,4,1626
hasy-data/v2-20366.png,74,4,1710
hasy-data/v2-20367.png,74,4,4033
hasy-data/v2-20368.png,74,4,4142
hasy-data/v2-20369.png,74,4,4435
hasy-data/v2-20370.png,74,4,5572
hasy-data/v2-20371.png,74,4,5822
hasy-data/v2-20372.png,74,4,5852
hasy-data/v2-20373.png,74,4,5877
hasy-data/v2-20374.png,74,4,5879
hasy-data/v2-20375.png,74,4,5864
hasy-data/v2-20376.png,74,4,1696
hasy-data/v2-20377.png,74,4,6188
hasy-data/v2-20378.png,74,4,6483
hasy-data/v2-20379.png,74,4,6567
hasy-data/v2-20380.png,74,4,6565
hasy-data/v2-20381.png,74,4,6483
hasy-data/v2-20382.png,74,4,6483
hasy-data/v2-20383.png,74,4,6483
hasy-data/v2-20384.png,74,4,6662
hasy-data/v2-20385.png,74,4,6672
hasy-data/v2-20386.png,74,4,6748
hasy-data/v2-20387.png,74,4,6899
hasy-data/v2-20388.png,74,4,6902
hasy-data/v2-20389.png,74,4,5879
hasy-data/v2-20390.png,74,4,7052
hasy-data/v2-20391.png,74,4,6958
hasy-data/v2-20392.png,74,4,7957
hasy-data/v2-20393.png,74,4,8324
hasy-data/v2-20394.png,74,4,8071
hasy-data/v2-20395.png,74,4,8457
hasy-data/v2-20396.png,74,4,6483
hasy-data/v2-20397.png,74,4,6483
hasy-data/v2-20398.png,74,4,8633
hasy-data/v2-20399.png,74,4,8754
hasy-data/v2-20400.png,74,4,9017
hasy-data/v2-20401.png,74,4,9283
hasy-data/v2-20402.png,74,4,9505
hasy-data/v2-20403.png,74,4,21606
hasy-data/v2-20404.png,74,4,53841
hasy-data/v2-20405.png,74,4,59154
hasy-data/v2-20406.png,74,4,92768
hasy-data/v2-20407.png,74,4,101344
hasy-data/v2-20408.png,74,4,116471
hasy-data/v2-20409.png,74,4,124511
hasy-data/v2-20410.png,74,4,124916
hasy-data/v2-20411.png,74,4,125926
hasy-data/v2-20412.png,75,5,23
hasy-data/v2-20413.png,75,5,28
hasy-data/v2-20414.png,75,5,35
hasy-data/v2-20415.png,75,5,40
hasy-data/v2-20416.png,75,5,46
hasy-data/v2-20417.png,75,5,47
hasy-data/v2-20418.png,75,5,48
hasy-data/v2-20419.png,75,5,50
hasy-data/v2-20420.png,75,5,53
hasy-data/v2-20421.png,75,5,55
hasy-data/v2-20422.png,75,5,10
hasy-data/v2-20423.png,75,5,10
hasy-data/v2-20424.png,75,5,10
hasy-data/v2-20425.png,75,5,10
hasy-data/v2-20426.png,75,5,10
hasy-data/v2-20427.png,75,5,10
hasy-data/v2-20428.png,75,5,10
hasy-data/v2-20429.png,75,5,10
hasy-data/v2-20430.png,75,5,10
hasy-data/v2-20431.png,75,5,59
hasy-data/v2-20432.png,75,5,43
hasy-data/v2-20433.png,75,5,517
hasy-data/v2-20434.png,75,5,1710
hasy-data/v2-20435.png,75,5,4033
hasy-data/v2-20436.png,75,5,4142
hasy-data/v2-20437.png,75,5,4435
hasy-data/v2-20438.png,75,5,5572
hasy-data/v2-20439.png,75,5,5822
hasy-data/v2-20440.png,75,5,5852
hasy-data/v2-20441.png,75,5,5877
hasy-data/v2-20442.png,75,5,5879
hasy-data/v2-20443.png,75,5,5959
hasy-data/v2-20444.png,75,5,5864
hasy-data/v2-20445.png,75,5,1696
hasy-data/v2-20446.png,75,5,6483
hasy-data/v2-20447.png,75,5,6095
hasy-data/v2-20448.png,75,5,6567
hasy-data/v2-20449.png,75,5,6565
hasy-data/v2-20450.png,75,5,6643
hasy-data/v2-20451.png,75,5,6662
hasy-data/v2-20452.png,75,5,6672
hasy-data/v2-20453.png,75,5,6899
hasy-data/v2-20454.png,75,5,7045
hasy-data/v2-20455.png,75,5,7052
hasy-data/v2-20456.png,75,5,7713
hasy-data/v2-20457.png,75,5,6958
hasy-data/v2-20458.png,75,5,8175
hasy-data/v2-20459.png,75,5,8324
hasy-data/v2-20460.png,75,5,8071
hasy-data/v2-20461.png,75,5,8457
hasy-data/v2-20462.png,75,5,8486
hasy-data/v2-20463.png,75,5,8633
hasy-data/v2-20464.png,75,5,8754
hasy-data/v2-20465.png,75,5,9224
hasy-data/v2-20466.png,75,5,9283
hasy-data/v2-20467.png,75,5,9505
hasy-data/v2-20468.png,75,5,50
hasy-data/v2-20469.png,75,5,50
hasy-data/v2-20470.png,75,5,15
hasy-data/v2-20471.png,75,5,15
hasy-data/v2-20472.png,75,5,15
hasy-data/v2-20473.png,75,5,5879
hasy-data/v2-20474.png,75,5,16925
hasy-data/v2-20475.png,75,5,59154
hasy-data/v2-20476.png,75,5,92768
hasy-data/v2-20477.png,75,5,101346
hasy-data/v2-20478.png,75,5,116471
hasy-data/v2-20479.png,75,5,124511
hasy-data/v2-20480.png,75,5,124916
hasy-data/v2-20481.png,75,5,125926
hasy-data/v2-20482.png,76,6,10
hasy-data/v2-20483.png,76,6,15
hasy-data/v2-20484.png,76,6,10
hasy-data/v2-20485.png,76,6,23
hasy-data/v2-20486.png,76,6,26
hasy-data/v2-20487.png,76,6,28
hasy-data/v2-20488.png,76,6,30
hasy-data/v2-20489.png,76,6,31
hasy-data/v2-20490.png,76,6,34
hasy-data/v2-20491.png,76,6,32
hasy-data/v2-20492.png,76,6,35
hasy-data/v2-20493.png,76,6,44
hasy-data/v2-20494.png,76,6,46
hasy-data/v2-20495.png,76,6,48
hasy-data/v2-20496.png,76,6,50
hasy-data/v2-20497.png,76,6,55
hasy-data/v2-20498.png,76,6,10
hasy-data/v2-20499.png,76,6,10
hasy-data/v2-20500.png,76,6,10
hasy-data/v2-20501.png,76,6,10
hasy-data/v2-20502.png,76,6,10
hasy-data/v2-20503.png,76,6,10
hasy-data/v2-20504.png,76,6,10
hasy-data/v2-20505.png,76,6,10
hasy-data/v2-20506.png,76,6,59
hasy-data/v2-20507.png,76,6,1710
hasy-data/v2-20508.png,76,6,4033
hasy-data/v2-20509.png,76,6,4142
hasy-data/v2-20510.png,76,6,4435
hasy-data/v2-20511.png,76,6,5572
hasy-data/v2-20512.png,76,6,5579
hasy-data/v2-20513.png,76,6,5822
hasy-data/v2-20514.png,76,6,5852
hasy-data/v2-20515.png,76,6,5877
hasy-data/v2-20516.png,76,6,5879
hasy-data/v2-20517.png,76,6,5959
hasy-data/v2-20518.png,76,6,5864
hasy-data/v2-20519.png,76,6,1696
hasy-data/v2-20520.png,76,6,6188
hasy-data/v2-20521.png,76,6,6483
hasy-data/v2-20522.png,76,6,10
hasy-data/v2-20523.png,76,6,10
hasy-data/v2-20524.png,76,6,10
hasy-data/v2-20525.png,76,6,10
hasy-data/v2-20526.png,76,6,10
hasy-data/v2-20527.png,76,6,6567
hasy-data/v2-20528.png,76,6,6565
hasy-data/v2-20529.png,76,6,6483
hasy-data/v2-20530.png,76,6,6643
hasy-data/v2-20531.png,76,6,6662
hasy-data/v2-20532.png,76,6,6672
hasy-data/v2-20533.png,76,6,6750
hasy-data/v2-20534.png,76,6,6899
hasy-data/v2-20535.png,76,6,6902
hasy-data/v2-20536.png,76,6,7052
hasy-data/v2-20537.png,76,6,6958
hasy-data/v2-20538.png,76,6,7957
hasy-data/v2-20539.png,76,6,3320
hasy-data/v2-20540.png,76,6,8071
hasy-data/v2-20541.png,76,6,8324
hasy-data/v2-20542.png,76,6,8457
hasy-data/v2-20543.png,76,6,8486
hasy-data/v2-20544.png,76,6,8633
hasy-data/v2-20545.png,76,6,6483
hasy-data/v2-20546.png,76,6,8754
hasy-data/v2-20547.png,76,6,9017
hasy-data/v2-20548.png,76,6,9153
hasy-data/v2-20549.png,76,6,9224
hasy-data/v2-20550.png,76,6,10
hasy-data/v2-20551.png,76,6,10
hasy-data/v2-20552.png,76,6,10
hasy-data/v2-20553.png,76,6,10
hasy-data/v2-20554.png,76,6,10
hasy-data/v2-20555.png,76,6,10
hasy-data/v2-20556.png,76,6,9283
hasy-data/v2-20557.png,76,6,9505
hasy-data/v2-20558.png,76,6,50
hasy-data/v2-20559.png,76,6,15
hasy-data/v2-20560.png,76,6,15
hasy-data/v2-20561.png,76,6,15
hasy-data/v2-20562.png,76,6,16925
hasy-data/v2-20563.png,76,6,21606
hasy-data/v2-20564.png,76,6,53841
hasy-data/v2-20565.png,76,6,59154
hasy-data/v2-20566.png,76,6,92768
hasy-data/v2-20567.png,76,6,101347
hasy-data/v2-20568.png,76,6,116471
hasy-data/v2-20569.png,76,6,124511
hasy-data/v2-20570.png,76,6,124916
hasy-data/v2-20571.png,76,6,125926
hasy-data/v2-20572.png,77,7,40
hasy-data/v2-20573.png,77,7,46
hasy-data/v2-20574.png,77,7,48
hasy-data/v2-20575.png,77,7,50
hasy-data/v2-20576.png,77,7,53
hasy-data/v2-20577.png,77,7,55
hasy-data/v2-20578.png,77,7,10
hasy-data/v2-20579.png,77,7,10
hasy-data/v2-20580.png,77,7,10
hasy-data/v2-20581.png,77,7,10
hasy-data/v2-20582.png,77,7,10
hasy-data/v2-20583.png,77,7,10
hasy-data/v2-20584.png,77,7,10
hasy-data/v2-20585.png,77,7,10
hasy-data/v2-20586.png,77,7,10
hasy-data/v2-20587.png,77,7,10
hasy-data/v2-20588.png,77,7,59
hasy-data/v2-20589.png,77,7,517
hasy-data/v2-20590.png,77,7,1710
hasy-data/v2-20591.png,77,7,4142
hasy-data/v2-20592.png,77,7,4435
hasy-data/v2-20593.png,77,7,5567
hasy-data/v2-20594.png,77,7,5572
hasy-data/v2-20595.png,77,7,5822
hasy-data/v2-20596.png,77,7,5852
hasy-data/v2-20597.png,77,7,5879
hasy-data/v2-20598.png,77,7,5959
hasy-data/v2-20599.png,77,7,5864
hasy-data/v2-20600.png,77,7,1696
hasy-data/v2-20601.png,77,7,6188
hasy-data/v2-20602.png,77,7,6483
hasy-data/v2-20603.png,77,7,6567
hasy-data/v2-20604.png,77,7,6565
hasy-data/v2-20605.png,77,7,6483
hasy-data/v2-20606.png,77,7,6662
hasy-data/v2-20607.png,77,7,6672
hasy-data/v2-20608.png,77,7,6751
hasy-data/v2-20609.png,77,7,6899
hasy-data/v2-20610.png,77,7,6902
hasy-data/v2-20611.png,77,7,7001
hasy-data/v2-20612.png,77,7,7052
hasy-data/v2-20613.png,77,7,7957
hasy-data/v2-20614.png,77,7,8071
hasy-data/v2-20615.png,77,7,8457
hasy-data/v2-20616.png,77,7,8486
hasy-data/v2-20617.png,77,7,8633
hasy-data/v2-20618.png,77,7,8633
hasy-data/v2-20619.png,77,7,8754
hasy-data/v2-20620.png,77,7,9017
hasy-data/v2-20621.png,77,7,9153
hasy-data/v2-20622.png,77,7,15
hasy-data/v2-20623.png,77,7,9224
hasy-data/v2-20624.png,77,7,9283
hasy-data/v2-20625.png,77,7,9505
hasy-data/v2-20626.png,77,7,50
hasy-data/v2-20627.png,77,7,15
hasy-data/v2-20628.png,77,7,14751
hasy-data/v2-20629.png,77,7,21606
hasy-data/v2-20630.png,77,7,53841
hasy-data/v2-20631.png,77,7,59154
hasy-data/v2-20632.png,77,7,92768
hasy-data/v2-20633.png,77,7,101349
hasy-data/v2-20634.png,77,7,116471
hasy-data/v2-20635.png,77,7,124511
hasy-data/v2-20636.png,77,7,124916
hasy-data/v2-20637.png,77,7,125926
hasy-data/v2-20638.png,78,8,10
hasy-data/v2-20639.png,78,8,15
hasy-data/v2-20640.png,78,8,10
hasy-data/v2-20641.png,78,8,10
hasy-data/v2-20642.png,78,8,26
hasy-data/v2-20643.png,78,8,27
hasy-data/v2-20644.png,78,8,30
hasy-data/v2-20645.png,78,8,31
hasy-data/v2-20646.png,78,8,32
hasy-data/v2-20647.png,78,8,35
hasy-data/v2-20648.png,78,8,40
hasy-data/v2-20649.png,78,8,44
hasy-data/v2-20650.png,78,8,46
hasy-data/v2-20651.png,78,8,47
hasy-data/v2-20652.png,78,8,48
hasy-data/v2-20653.png,78,8,50
hasy-data/v2-20654.png,78,8,55
hasy-data/v2-20655.png,78,8,10
hasy-data/v2-20656.png,78,8,10
hasy-data/v2-20657.png,78,8,10
hasy-data/v2-20658.png,78,8,10
hasy-data/v2-20659.png,78,8,10
hasy-data/v2-20660.png,78,8,10
hasy-data/v2-20661.png,78,8,10
hasy-data/v2-20662.png,78,8,10
hasy-data/v2-20663.png,78,8,10
hasy-data/v2-20664.png,78,8,10
hasy-data/v2-20665.png,78,8,59
hasy-data/v2-20666.png,78,8,517
hasy-data/v2-20667.png,78,8,1710
hasy-data/v2-20668.png,78,8,3328
hasy-data/v2-20669.png,78,8,4033
hasy-data/v2-20670.png,78,8,4142
hasy-data/v2-20671.png,78,8,4435
hasy-data/v2-20672.png,78,8,5275
hasy-data/v2-20673.png,78,8,5572
hasy-data/v2-20674.png,78,8,5579
hasy-data/v2-20675.png,78,8,5822
hasy-data/v2-20676.png,78,8,5852
hasy-data/v2-20677.png,78,8,5877
hasy-data/v2-20678.png,78,8,5879
hasy-data/v2-20679.png,78,8,5959
hasy-data/v2-20680.png,78,8,5864
hasy-data/v2-20681.png,78,8,1696
hasy-data/v2-20682.png,78,8,6188
hasy-data/v2-20683.png,78,8,6483
hasy-data/v2-20684.png,78,8,6567
hasy-data/v2-20685.png,78,8,6565
hasy-data/v2-20686.png,78,8,6483
hasy-data/v2-20687.png,78,8,6662
hasy-data/v2-20688.png,78,8,6672
hasy-data/v2-20689.png,78,8,6752
hasy-data/v2-20690.png,78,8,6899
hasy-data/v2-20691.png,78,8,6902
hasy-data/v2-20692.png,78,8,6483
hasy-data/v2-20693.png,78,8,7001
hasy-data/v2-20694.png,78,8,7045
hasy-data/v2-20695.png,78,8,7052
hasy-data/v2-20696.png,78,8,6958
hasy-data/v2-20697.png,78,8,7957
hasy-data/v2-20698.png,78,8,7957
hasy-data/v2-20699.png,78,8,8082
hasy-data/v2-20700.png,78,8,3320
hasy-data/v2-20701.png,78,8,8071
hasy-data/v2-20702.png,78,8,8324
hasy-data/v2-20703.png,78,8,8457
hasy-data/v2-20704.png,78,8,8633
hasy-data/v2-20705.png,78,8,8633
hasy-data/v2-20706.png,78,8,9017
hasy-data/v2-20707.png,78,8,15
hasy-data/v2-20708.png,78,8,9153
hasy-data/v2-20709.png,78,8,9283
hasy-data/v2-20710.png,78,8,10
hasy-data/v2-20711.png,78,8,10
hasy-data/v2-20712.png,78,8,10
hasy-data/v2-20713.png,78,8,10
hasy-data/v2-20714.png,78,8,10
hasy-data/v2-20715.png,78,8,10
hasy-data/v2-20716.png,78,8,10
hasy-data/v2-20717.png,78,8,10
hasy-data/v2-20718.png,78,8,10
hasy-data/v2-20719.png,78,8,9505
hasy-data/v2-20720.png,78,8,50
hasy-data/v2-20721.png,78,8,15
hasy-data/v2-20722.png,78,8,8486
hasy-data/v2-20723.png,78,8,8486
hasy-data/v2-20724.png,78,8,8486
hasy-data/v2-20725.png,78,8,8486
hasy-data/v2-20726.png,78,8,8486
hasy-data/v2-20727.png,78,8,8486
hasy-data/v2-20728.png,78,8,8486
hasy-data/v2-20729.png,78,8,8486
hasy-data/v2-20730.png,78,8,8486
hasy-data/v2-20731.png,78,8,8486
hasy-data/v2-20732.png,78,8,8486
hasy-data/v2-20733.png,78,8,8486
hasy-data/v2-20734.png,78,8,16925
hasy-data/v2-20735.png,78,8,16925
hasy-data/v2-20736.png,78,8,16925
hasy-data/v2-20737.png,78,8,16925
hasy-data/v2-20738.png,78,8,16925
hasy-data/v2-20739.png,78,8,21606
hasy-data/v2-20740.png,78,8,59154
hasy-data/v2-20741.png,78,8,92768
hasy-data/v2-20742.png,78,8,101350
hasy-data/v2-20743.png,78,8,116471
hasy-data/v2-20744.png,78,8,124511
hasy-data/v2-20745.png,78,8,124916
hasy-data/v2-20746.png,78,8,125926
hasy-data/v2-20747.png,79,9,10
hasy-data/v2-20748.png,79,9,15
hasy-data/v2-20749.png,79,9,23
hasy-data/v2-20750.png,79,9,26
hasy-data/v2-20751.png,79,9,28
hasy-data/v2-20752.png,79,9,27
hasy-data/v2-20753.png,79,9,30
hasy-data/v2-20754.png,79,9,31
hasy-data/v2-20755.png,79,9,34
hasy-data/v2-20756.png,79,9,32
hasy-data/v2-20757.png,79,9,35
hasy-data/v2-20758.png,79,9,40
hasy-data/v2-20759.png,79,9,44
hasy-data/v2-20760.png,79,9,46
hasy-data/v2-20761.png,79,9,47
hasy-data/v2-20762.png,79,9,48
hasy-data/v2-20763.png,79,9,50
hasy-data/v2-20764.png,79,9,53
hasy-data/v2-20765.png,79,9,10
hasy-data/v2-20766.png,79,9,10
hasy-data/v2-20767.png,79,9,10
hasy-data/v2-20768.png,79,9,10
hasy-data/v2-20769.png,79,9,10
hasy-data/v2-20770.png,79,9,10
hasy-data/v2-20771.png,79,9,10
hasy-data/v2-20772.png,79,9,10
hasy-data/v2-20773.png,79,9,10
hasy-data/v2-20774.png,79,9,59
hasy-data/v2-20775.png,79,9,517
hasy-data/v2-20776.png,79,9,655
hasy-data/v2-20777.png,79,9,1626
hasy-data/v2-20778.png,79,9,1710
hasy-data/v2-20779.png,79,9,4033
hasy-data/v2-20780.png,79,9,4142
hasy-data/v2-20781.png,79,9,4435
hasy-data/v2-20782.png,79,9,5572
hasy-data/v2-20783.png,79,9,5579
hasy-data/v2-20784.png,79,9,5822
hasy-data/v2-20785.png,79,9,5852
hasy-data/v2-20786.png,79,9,5877
hasy-data/v2-20787.png,79,9,5879
hasy-data/v2-20788.png,79,9,5959
hasy-data/v2-20789.png,79,9,5864
hasy-data/v2-20790.png,79,9,1696
hasy-data/v2-20791.png,79,9,6483
hasy-data/v2-20792.png,79,9,6567
hasy-data/v2-20793.png,79,9,6565
hasy-data/v2-20794.png,79,9,6483
hasy-data/v2-20795.png,79,9,6662
hasy-data/v2-20796.png,79,9,6672
hasy-data/v2-20797.png,79,9,6753
hasy-data/v2-20798.png,79,9,6899
hasy-data/v2-20799.png,79,9,6902
hasy-data/v2-20800.png,79,9,7001
hasy-data/v2-20801.png,79,9,7052
hasy-data/v2-20802.png,79,9,6958
hasy-data/v2-20803.png,79,9,7957
hasy-data/v2-20804.png,79,9,8082
hasy-data/v2-20805.png,79,9,3320
hasy-data/v2-20806.png,79,9,8324
hasy-data/v2-20807.png,79,9,8071
hasy-data/v2-20808.png,79,9,8457
hasy-data/v2-20809.png,79,9,8633
hasy-data/v2-20810.png,79,9,8633
hasy-data/v2-20811.png,79,9,8754
hasy-data/v2-20812.png,79,9,9224
hasy-data/v2-20813.png,79,9,9283
hasy-data/v2-20814.png,79,9,9505
hasy-data/v2-20815.png,79,9,50
hasy-data/v2-20816.png,79,9,50
hasy-data/v2-20817.png,79,9,50
hasy-data/v2-20818.png,79,9,15
hasy-data/v2-20819.png,79,9,59154
hasy-data/v2-20820.png,79,9,92768
hasy-data/v2-20821.png,79,9,101351
hasy-data/v2-20822.png,79,9,101352
hasy-data/v2-20823.png,79,9,101356
hasy-data/v2-20824.png,79,9,116471
hasy-data/v2-20825.png,79,9,124511
hasy-data/v2-20826.png,79,9,124916
hasy-data/v2-20827.png,79,9,125926
hasy-data/v2-30825.png,113,x,10
hasy-data/v2-30826.png,113,x,46
hasy-data/v2-30827.png,113,x,50
hasy-data/v2-30828.png,113,x,1692
hasy-data/v2-30829.png,113,x,3620
hasy-data/v2-30830.png,113,x,4435
hasy-data/v2-30831.png,113,x,5572
hasy-data/v2-30832.png,113,x,5852
hasy-data/v2-30833.png,113,x,5877
hasy-data/v2-30834.png,113,x,5879
hasy-data/v2-30835.png,113,x,5895
hasy-data/v2-30836.png,113,x,5864
hasy-data/v2-30837.png,113,x,4142
hasy-data/v2-30838.png,113,x,6188
hasy-data/v2-30839.png,113,x,6411
hasy-data/v2-30840.png,113,x,6483
hasy-data/v2-30841.png,113,x,6567
hasy-data/v2-30842.png,113,x,6565
hasy-data/v2-30843.png,113,x,6483
hasy-data/v2-30844.png,113,x,6662
hasy-data/v2-30845.png,113,x,6672
hasy-data/v2-30846.png,113,x,6899
hasy-data/v2-30847.png,113,x,6902
hasy-data/v2-30848.png,113,x,5879
hasy-data/v2-30849.png,113,x,7637
hasy-data/v2-30850.png,113,x,1696
hasy-data/v2-30851.png,113,x,6958
hasy-data/v2-30852.png,113,x,7957
hasy-data/v2-30853.png,113,x,8082
hasy-data/v2-30854.png,113,x,8457
hasy-data/v2-30855.png,113,x,8486
hasy-data/v2-30856.png,113,x,8633
hasy-data/v2-30857.png,113,x,8633
hasy-data/v2-30858.png,113,x,8633
hasy-data/v2-30859.png,113,x,8633
hasy-data/v2-30860.png,113,x,8754
hasy-data/v2-30861.png,113,x,9017
hasy-data/v2-30862.png,113,x,9017
hasy-data/v2-30863.png,113,x,9017
hasy-data/v2-30864.png,113,x,9283
hasy-data/v2-30865.png,113,x,9505
hasy-data/v2-30866.png,113,x,15
hasy-data/v2-30867.png,113,x,15
hasy-data/v2-30868.png,113,x,15
hasy-data/v2-30869.png,113,x,15
hasy-data/v2-30870.png,113,x,16925
hasy-data/v2-30871.png,113,x,16925
hasy-data/v2-30872.png,113,x,16925
hasy-data/v2-30873.png,113,x,16925
hasy-data/v2-30874.png,113,x,16925
hasy-data/v2-30875.png,113,x,16925
hasy-data/v2-30876.png,113,x,59154
hasy-data/v2-30877.png,113,x,92768
hasy-data/v2-30878.png,113,x,101291
hasy-data/v2-30879.png,113,x,101358
hasy-data/v2-30880.png,113,x,116471
hasy-data/v2-30881.png,113,x,117684
hasy-data/v2-30882.png,113,x,124916
hasy-data/v2-30883.png,113,x,125926
hasy-data/v2-66486.png,195,-,10
hasy-data/v2-66487.png,195,-,15
hasy-data/v2-66488.png,195,-,28
hasy-data/v2-66489.png,195,-,30
hasy-data/v2-66490.png,195,-,32
hasy-data/v2-66491.png,195,-,34
hasy-data/v2-66492.png,195,-,35
hasy-data/v2-66493.png,195,-,40
hasy-data/v2-66494.png,195,-,44
hasy-data/v2-66495.png,195,-,46
hasy-data/v2-66496.png,195,-,47
hasy-data/v2-66497.png,195,-,48
hasy-data/v2-66498.png,195,-,51
hasy-data/v2-66499.png,195,-,53
hasy-data/v2-66500.png,195,-,55
hasy-data/v2-66501.png,195,-,58
hasy-data/v2-66502.png,195,-,59
hasy-data/v2-66503.png,195,-,10
hasy-data/v2-66504.png,195,-,229
hasy-data/v2-66505.png,195,-,270
hasy-data/v2-66506.png,195,-,1692
hasy-data/v2-66507.png,195,-,1696
hasy-data/v2-66508.png,195,-,1710
hasy-data/v2-66509.png,195,-,3328
hasy-data/v2-66510.png,195,-,3611
hasy-data/v2-66511.png,195,-,3620
hasy-data/v2-66512.png,195,-,4033
hasy-data/v2-66513.png,195,-,4142
hasy-data/v2-66514.png,195,-,4435
hasy-data/v2-66515.png,195,-,5822
hasy-data/v2-66516.png,195,-,5852
hasy-data/v2-66517.png,195,-,5877
hasy-data/v2-66518.png,195,-,5879
hasy-data/v2-66519.png,195,-,5959
hasy-data/v2-66520.png,195,-,5864
hasy-data/v2-66521.png,195,-,6068
hasy-data/v2-66522.png,195,-,6565
hasy-data/v2-66523.png,195,-,6567
hasy-data/v2-66524.png,195,-,6483
hasy-data/v2-66525.png,195,-,6483
hasy-data/v2-66526.png,195,-,6643
hasy-data/v2-66527.png,195,-,6662
hasy-data/v2-66528.png,195,-,6672
hasy-data/v2-66529.png,195,-,6727
hasy-data/v2-66530.png,195,-,6857
hasy-data/v2-66531.png,195,-,6899
hasy-data/v2-66532.png,195,-,6902
hasy-data/v2-66533.png,195,-,6903
hasy-data/v2-66534.png,195,-,6483
hasy-data/v2-66535.png,195,-,6986
hasy-data/v2-66536.png,195,-,7001
hasy-data/v2-66537.png,195,-,7052
hasy-data/v2-66538.png,195,-,6958
hasy-data/v2-66539.png,195,-,7957
hasy-data/v2-66540.png,195,-,8071
hasy-data/v2-66541.png,195,-,3320
hasy-data/v2-66542.png,195,-,8348
hasy-data/v2-66543.png,195,-,6483
hasy-data/v2-66544.png,195,-,8457
hasy-data/v2-66545.png,195,-,8466
hasy-data/v2-66546.png,195,-,8486
hasy-data/v2-66547.png,195,-,8633
hasy-data/v2-66548.png,195,-,8754
hasy-data/v2-66549.png,195,-,9017
hasy-data/v2-66550.png,195,-,9283
hasy-data/v2-66551.png,195,-,9505
hasy-data/v2-66552.png,195,-,6483
hasy-data/v2-66553.png,195,-,6483
hasy-data/v2-66554.png,195,-,6483
hasy-data/v2-66555.png,195,-,6483
hasy-data/v2-66556.png,195,-,6483
hasy-data/v2-66557.png,195,-,6483
hasy-data/v2-66558.png,195,-,6483
hasy-data/v2-66559.png,195,-,6483
hasy-data/v2-66560.png,195,-,6483
hasy-data/v2-66561.png,195,-,6483
hasy-data/v2-66562.png,195,-,6483
hasy-data/v2-66563.png,195,-,6483
hasy-data/v2-66564.png,195,-,6483
hasy-data/v2-66565.png,195,-,50
hasy-data/v2-66566.png,195,-,15
hasy-data/v2-66567.png,195,-,15
hasy-data/v2-66568.png,195,-,8486
hasy-data/v2-66569.png,195,-,8486
hasy-data/v2-66570.png,195,-,8486
hasy-data/v2-66571.png,195,-,8486
hasy-data/v2-66572.png,195,-,8486
hasy-data/v2-66573.png,195,-,8486
hasy-data/v2-66574.png,195,-,8486
hasy-data/v2-66575.png,195,-,15814
hasy-data/v2-66576.png,195,-,16925
hasy-data/v2-66577.png,195,-,16925
hasy-data/v2-66578.png,195,-,16925
hasy-data/v2-66579.png,195,-,16925
hasy-data/v2-66580.png,195,-,16925
hasy-data/v2-66581.png,195,-,16925
hasy-data/v2-66582.png,195,-,16925
hasy-data/v2-66583.png,195,-,21606
hasy-data/v2-66584.png,195,-,53841
hasy-data/v2-66585.png,195,-,59154
hasy-data/v2-66586.png,195,-,92768
hasy-data/v2-66587.png,195,-,99557
hasy-data/v2-66588.png,195,-,116471
hasy-data/v2-66589.png,195,-,124511
hasy-data/v2-66590.png,195,-,124916
hasy-data/v2-66591.png,195,-,125926
hasy-data/v2-66592.png,196,+,47
hasy-data/v2-66593.png,196,+,48
hasy-data/v2-66594.png,196,+,15
hasy-data/v2-66595.png,196,+,51
hasy-data/v2-66596.png,196,+,50
hasy-data/v2-66597.png,196,+,55
hasy-data/v2-66598.png,196,+,58
hasy-data/v2-66599.png,196,+,59
hasy-data/v2-66600.png,196,+,43
hasy-data/v2-66601.png,196,+,43
hasy-data/v2-66602.png,196,+,43
hasy-data/v2-66603.png,196,+,43
hasy-data/v2-66604.png,196,+,43
hasy-data/v2-66605.png,196,+,43
hasy-data/v2-66606.png,196,+,229
hasy-data/v2-66607.png,196,+,270
hasy-data/v2-66608.png,196,+,1692
hasy-data/v2-66609.png,196,+,1696
hasy-data/v2-66610.png,196,+,3328
hasy-data/v2-66611.png,196,+,3611
hasy-data/v2-66612.png,196,+,3620
hasy-data/v2-66613.png,196,+,4033
hasy-data/v2-66614.png,196,+,4033
hasy-data/v2-66615.png,196,+,4435
hasy-data/v2-66616.png,196,+,5572
hasy-data/v2-66617.png,196,+,5822
hasy-data/v2-66618.png,196,+,5852
hasy-data/v2-66619.png,196,+,5877
hasy-data/v2-66620.png,196,+,5879
hasy-data/v2-66621.png,196,+,5959
hasy-data/v2-66622.png,196,+,5864
hasy-data/v2-66623.png,196,+,6188
hasy-data/v2-66624.png,196,+,6483
hasy-data/v2-66625.png,196,+,6565
hasy-data/v2-66626.png,196,+,6643
hasy-data/v2-66627.png,196,+,6662
hasy-data/v2-66628.png,196,+,6728
hasy-data/v2-66629.png,196,+,6899
hasy-data/v2-66630.png,196,+,6902
hasy-data/v2-66631.png,196,+,6483
hasy-data/v2-66632.png,196,+,6483
hasy-data/v2-66633.png,196,+,6483
hasy-data/v2-66634.png,196,+,6986
hasy-data/v2-66635.png,196,+,7045
hasy-data/v2-66636.png,196,+,7052
hasy-data/v2-66637.png,196,+,6958
hasy-data/v2-66638.png,196,+,7957
hasy-data/v2-66639.png,196,+,7841
hasy-data/v2-66640.png,196,+,8071
hasy-data/v2-66641.png,196,+,3320
hasy-data/v2-66642.png,196,+,8348
hasy-data/v2-66643.png,196,+,8457
hasy-data/v2-66644.png,196,+,8486
hasy-data/v2-66645.png,196,+,8486
hasy-data/v2-66646.png,196,+,8633
hasy-data/v2-66647.png,196,+,8754
hasy-data/v2-66648.png,196,+,9017
hasy-data/v2-66649.png,196,+,15
hasy-data/v2-66650.png,196,+,9153
hasy-data/v2-66651.png,196,+,9283
hasy-data/v2-66652.png,196,+,9505
hasy-data/v2-66653.png,196,+,15814
hasy-data/v2-66654.png,196,+,16925
hasy-data/v2-66655.png,196,+,16925
hasy-data/v2-66656.png,196,+,16925
hasy-data/v2-66657.png,196,+,16925
hasy-data/v2-66658.png,196,+,16925
hasy-data/v2-66659.png,196,+,16925
hasy-data/v2-66660.png,196,+,16925
hasy-data/v2-66661.png,196,+,21606
hasy-data/v2-66662.png,196,+,27450
hasy-data/v2-66663.png,196,+,59154
hasy-data/v2-66664.png,196,+,92768
hasy-data/v2-66665.png,196,+,99557
hasy-data/v2-66666.png,196,+,100886
hasy-data/v2-66667.png,196,+,116471
hasy-data/v2-66668.png,196,+,118544
hasy-data/v2-66669.png,196,+,118544
hasy-data/v2-66670.png,196,+,124511
hasy-data/v2-66671.png,196,+,124916
hasy-data/v2-66672.png,196,+,125926
hasy-data/v2-75506.png,513,×,50
hasy-data/v2-75507.png,513,×,44
hasy-data/v2-75508.png,513,×,59
hasy-data/v2-75509.png,513,×,10
hasy-data/v2-75510.png,513,×,10
hasy-data/v2-75511.png,513,×,10
hasy-data/v2-75512.png,513,×,10
hasy-data/v2-75513.png,513,×,10
hasy-data/v2-75514.png,513,×,10
hasy-data/v2-75515.png,513,×,10
hasy-data/v2-75516.png,513,×,10
hasy-data/v2-75517.png,513,×,10
hasy-data/v2-75518.png,513,×,10
hasy-data/v2-75519.png,513,×,10
hasy-data/v2-75520.png,513,×,10
hasy-data/v2-75521.png,513,×,10
hasy-data/v2-75522.png,513,×,10
hasy-data/v2-75523.png,513,×,10
hasy-data/v2-75524.png,513,×,10
hasy-data/v2-75525.png,513,×,10
hasy-data/v2-75526.png,513,×,10
hasy-data/v2-75527.png,513,×,10
hasy-data/v2-75528.png,513,×,10
hasy-data/v2-75529.png,513,×,10
hasy-data/v2-75530.png,513,×,10
hasy-data/v2-75531.png,513,×,10
hasy-data/v2-75532.png,513,×,10
hasy-data/v2-75533.png,513,×,10
hasy-data/v2-75534.png,513,×,10
hasy-data/v2-75535.png,513,×,10
hasy-data/v2-75536.png,513,×,10
hasy-data/v2-75537.png,513,×,10
hasy-data/v2-75538.png,513,×,10
hasy-data/v2-75539.png,513,×,10
hasy-data/v2-75540.png,513,×,10
hasy-data/v2-75541.png,513,×,10
hasy-data/v2-75542.png,513,×,10
hasy-data/v2-75543.png,513,×,10
hasy-data/v2-75544.png,513,×,10
hasy-data/v2-75545.png,513,×,10
hasy-data/v2-75546.png,513,×,10
hasy-data/v2-75547.png,513,×,10
hasy-data/v2-75548.png,513,×,10
hasy-data/v2-75549.png,513,×,10
hasy-data/v2-75550.png,513,×,1692
hasy-data/v2-75551.png,513,×,1710
hasy-data/v2-75552.png,513,×,3728
hasy-data/v2-75553.png,513,×,4435
hasy-data/v2-75554.png,513,×,5572
hasy-data/v2-75555.png,513,×,5822
hasy-data/v2-75556.png,513,×,5852
hasy-data/v2-75557.png,513,×,5877
hasy-data/v2-75558.png,513,×,5879
hasy-data/v2-75559.png,513,×,5864
hasy-data/v2-75560.png,513,×,46
hasy-data/v2-75561.png,513,×,6188
hasy-data/v2-75562.png,513,×,6411
hasy-data/v2-75563.png,513,×,6483
hasy-data/v2-75564.png,513,×,6567
hasy-data/v2-75565.png,513,×,6565
hasy-data/v2-75566.png,513,×,6483
hasy-data/v2-75567.png,513,×,6643
hasy-data/v2-75568.png,513,×,6662
hasy-data/v2-75569.png,513,×,6672
hasy-data/v2-75570.png,513,×,6899
hasy-data/v2-75571.png,513,×,6902
hasy-data/v2-75572.png,513,×,5879
hasy-data/v2-75573.png,513,×,7045
hasy-data/v2-75574.png,513,×,7052
hasy-data/v2-75575.png,513,×,1696
hasy-data/v2-75576.png,513,×,6958
hasy-data/v2-75577.png,513,×,7957
hasy-data/v2-75578.png,513,×,8082
hasy-data/v2-75579.png,513,×,8175
hasy-data/v2-75580.png,513,×,8457
hasy-data/v2-75581.png,513,×,8486
hasy-data/v2-75582.png,513,×,8633
hasy-data/v2-75583.png,513,×,8754
hasy-data/v2-75584.png,513,×,9017
hasy-data/v2-75585.png,513,×,9153
hasy-data/v2-75586.png,513,×,9283
hasy-data/v2-75587.png,513,×,9505
hasy-data/v2-75588.png,513,×,50
hasy-data/v2-75589.png,513,×,8486
hasy-data/v2-75590.png,513,×,8486
hasy-data/v2-75591.png,513,×,8486
hasy-data/v2-75592.png,513,×,8486
hasy-data/v2-75593.png,513,×,8486
hasy-data/v2-75594.png,513,×,8486
hasy-data/v2-75595.png,513,×,8486
hasy-data/v2-75596.png,513,×,8486
hasy-data/v2-75597.png,513,×,8486
hasy-data/v2-75598.png,513,×,16925
hasy-data/v2-75599.png,513,×,16925
hasy-data/v2-75600.png,513,×,16925
hasy-data/v2-75601.png,513,×,16925
hasy-data/v2-75602.png,513,×,16925
hasy-data/v2-75603.png,513,×,16925
hasy-data/v2-75604.png,513,×,16925
hasy-data/v2-75605.png,513,×,16925
hasy-data/v2-75606.png,513,×,16925
hasy-data/v2-75607.png,513,×,16925
hasy-data/v2-75608.png,513,×,16925
hasy-data/v2-75609.png,513,×,16925
hasy-data/v2-75610.png,513,×,16925
hasy-data/v2-75611.png,513,×,16925
hasy-data/v2-75612.png,513,×,16925
hasy-data/v2-75613.png,513,×,16925
hasy-data/v2-75614.png,513,×,16925
hasy-data/v2-75615.png,513,×,16925
hasy-data/v2-75616.png,513,×,16925
hasy-data/v2-75617.png,513,×,16925
hasy-data/v2-75618.png,513,×,16925
hasy-data/v2-75619.png,513,×,16925
hasy-data/v2-75620.png,513,×,16925
hasy-data/v2-75621.png,513,×,16925
hasy-data/v2-75622.png,513,×,16925
hasy-data/v2-75623.png,513,×,16925
hasy-data/v2-75624.png,513,×,16925
hasy-data/v2-75625.png,513,×,16925
hasy-data/v2-75626.png,513,×,16925
hasy-data/v2-75627.png,513,×,16925
hasy-data/v2-75628.png,513,×,16925
hasy-data/v2-75629.png,513,×,16925
hasy-data/v2-75630.png,513,×,16925
hasy-data/v2-75631.png,513,×,16925
hasy-data/v2-75632.png,513,×,16925
hasy-data/v2-75633.png,513,×,16925
hasy-data/v2-75634.png,513,×,16925
hasy-data/v2-75635.png,513,×,16925
hasy-data/v2-75636.png,513,×,16925
hasy-data/v2-75637.png,513,×,16925
hasy-data/v2-75638.png,513,×,16925
hasy-data/v2-75639.png,513,×,16925
hasy-data/v2-75640.png,513,×,16925
hasy-data/v2-75641.png,513,×,16925
hasy-data/v2-75642.png,513,×,16925
hasy-data/v2-75643.png,513,×,16925
hasy-data/v2-75644.png,513,×,16925
hasy-data/v2-75645.png,513,×,16925
hasy-data/v2-75646.png,513,×,16925
hasy-data/v2-75647.png,513,×,16925
hasy-data/v2-75648.png,513,×,16925
hasy-data/v2-75649.png,513,×,16925
hasy-data/v2-75650.png,513,×,16925
hasy-data/v2-75651.png,513,×,16925
hasy-data/v2-75652.png,513,×,16925
hasy-data/v2-75653.png,513,×,16925
hasy-data/v2-75654.png,513,×,16925
hasy-data/v2-75655.png,513,×,16925
hasy-data/v2-75656.png,513,×,16925
hasy-data/v2-75657.png,513,×,16925
hasy-data/v2-75658.png,513,×,16925
hasy-data/v2-75659.png,513,×,16925
hasy-data/v2-75660.png,513,×,16925
hasy-data/v2-75661.png,513,×,16925
hasy-data/v2-75662.png,513,×,16925
hasy-data/v2-75663.png,513,×,16925
hasy-data/v2-75664.png,513,×,16925
hasy-data/v2-75665.png,513,×,16925
hasy-data/v2-75666.png,513,×,16925
hasy-data/v2-75667.png,513,×,16925
hasy-data/v2-75668.png,513,×,16925
hasy-data/v2-75669.png,513,×,16925
hasy-data/v2-75670.png,513,×,16925
hasy-data/v2-75671.png,513,×,16925
hasy-data/v2-75672.png,513,×,16925
hasy-data/v2-75673.png,513,×,16925
hasy-data/v2-75674.png,513,×,16925
hasy-data/v2-75675.png,513,×,16925
hasy-data/v2-75676.png,513,×,16925
hasy-data/v2-75677.png,513,×,16925
hasy-data/v2-75678.png,513,×,16925
hasy-data/v2-75679.png,513,×,16925
hasy-data/v2-75680.png,513,×,16925
hasy-data/v2-75681.png,513,×,16925
hasy-data/v2-75682.png,513,×,16925
hasy-data/v2-75683.png,513,×,16925
hasy-data/v2-75684.png,513,×,16925
hasy-data/v2-75685.png,513,×,16925
hasy-data/v2-75686.png,513,×,16925
hasy-data/v2-75687.png,513,×,16925
hasy-data/v2-75688.png,513,×,16925
hasy-data/v2-75689.png,513,×,16925
hasy-data/v2-75690.png,513,×,16925
hasy-data/v2-75691.png,513,×,16925
hasy-data/v2-75692.png,513,×,16925
hasy-data/v2-75693.png,513,×,16925
hasy-data/v2-75694.png,513,×,16925
hasy-data/v2-75695.png,513,×,16925
hasy-data/v2-75696.png,513,×,16925
hasy-data/v2-75697.png,513,×,16925
hasy-data/v2-75698.png,513,×,16925
hasy-data/v2-75699.png,513,×,16925
hasy-data/v2-75700.png,513,×,16925
hasy-data/v2-75701.png,513,×,16925
hasy-data/v2-75702.png,513,×,16925
hasy-data/v2-75703.png,513,×,16925
hasy-data/v2-75704.png,513,×,16925
hasy-data/v2-75705.png,513,×,16925
hasy-data/v2-75706.png,513,×,16925
hasy-data/v2-75707.png,513,×,16925
hasy-data/v2-75708.png,513,×,16925
hasy-data/v2-75709.png,513,×,16925
hasy-data/v2-75710.png,513,×,16925
hasy-data/v2-75711.png,513,×,16925
hasy-data/v2-75712.png,513,×,16925
hasy-data/v2-75713.png,513,×,16925
hasy-data/v2-75714.png,513,×,16925
hasy-data/v2-75715.png,513,×,16925
hasy-data/v2-75716.png,513,×,16925
hasy-data/v2-75717.png,513,×,16925
hasy-data/v2-75718.png,513,×,16925
hasy-data/v2-75719.png,513,×,16925
hasy-data/v2-75720.png,513,×,16925
hasy-data/v2-75721.png,513,×,16925
hasy-data/v2-75722.png,513,×,16925
hasy-data/v2-75723.png,513,×,16925
hasy-data/v2-75724.png,513,×,16925
hasy-data/v2-75725.png,513,×,16925
hasy-data/v2-75726.png,513,×,16925
hasy-data/v2-75727.png,513,×,16925
hasy-data/v2-75728.png,513,×,16925
hasy-data/v2-75729.png,513,×,16925
hasy-data/v2-75730.png,513,×,16925
hasy-data/v2-75731.png,513,×,16925
hasy-data/v2-75732.png,513,×,16925
hasy-data/v2-75733.png,513,×,16925
hasy-data/v2-75734.png,513,×,16925
hasy-data/v2-75735.png,513,×,16925
hasy-data/v2-75736.png,513,×,16925
hasy-data/v2-75737.png,513,×,16925
hasy-data/v2-75738.png,513,×,16925
hasy-data/v2-75739.png,513,×,16925
hasy-data/v2-75740.png,513,×,16925
hasy-data/v2-75741.png,513,×,16925
hasy-data/v2-75742.png,513,×,16925
hasy-data/v2-75743.png,513,×,16925
hasy-data/v2-75744.png,513,×,16925
hasy-data/v2-75745.png,513,×,16925
hasy-data/v2-75746.png,513,×,16925
hasy-data/v2-75747.png,513,×,16925
hasy-data/v2-75748.png,513,×,16925
hasy-data/v2-75749.png,513,×,16925
hasy-data/v2-75750.png,513,×,16925
hasy-data/v2-75751.png,513,×,16925
hasy-data/v2-75752.png,513,×,16925
hasy-data/v2-75753.png,513,×,16925
hasy-data/v2-75754.png,513,×,16925
hasy-data/v2-75755.png,513,×,16925
hasy-data/v2-75756.png,513,×,16925
hasy-data/v2-75757.png,513,×,16925
hasy-data/v2-75758.png,513,×,16925
hasy-data/v2-75759.png,513,×,16925
hasy-data/v2-75760.png,513,×,16925
hasy-data/v2-75761.png,513,×,16925
hasy-data/v2-75762.png,513,×,16925
hasy-data/v2-75763.png,513,×,16925
hasy-data/v2-75764.png,513,×,16925
hasy-data/v2-75765.png,513,×,16925
hasy-data/v2-75766.png,513,×,16925
hasy-data/v2-75767.png,513,×,16925
hasy-data/v2-75768.png,513,×,16925
hasy-data/v2-75769.png,513,×,16925
hasy-data/v2-75770.png,513,×,16925
hasy-data/v2-75771.png,513,×,16925
hasy-data/v2-75772.png,513,×,16925
hasy-data/v2-75773.png,513,×,16925
hasy-data/v2-75774.png,513,×,16925
hasy-data/v2-75775.png,513,×,16925
hasy-data/v2-75776.png,513,×,16925
hasy-data/v2-75777.png,513,×,16925
hasy-data/v2-75778.png,513,×,16925
hasy-data/v2-75779.png,513,×,16925
hasy-data/v2-75780.png,513,×,16925
hasy-data/v2-75781.png,513,×,16925
hasy-data/v2-75782.png,513,×,16925
hasy-data/v2-75783.png,513,×,16925
hasy-data/v2-75784.png,513,×,16925
hasy-data/v2-75785.png,513,×,16925
hasy-data/v2-75786.png,513,×,16925
hasy-data/v2-75787.png,513,×,16925
hasy-data/v2-75788.png,513,×,16925
hasy-data/v2-75789.png,513,×,16925
hasy-data/v2-75790.png,513,×,16925
hasy-data/v2-75791.png,513,×,16925
hasy-data/v2-75792.png,513,×,16925
hasy-data/v2-75793.png,513,×,16925
hasy-data/v2-75794.png,513,×,16925
hasy-data/v2-75795.png,513,×,16925
hasy-data/v2-75796.png,513,×,16925
hasy-data/v2-75797.png,513,×,16925
hasy-data/v2-75798.png,513,×,16925
hasy-data/v2-75799.png,513,×,16925
hasy-data/v2-75800.png,513,×,16925
hasy-data/v2-75801.png,513,×,16925
hasy-data/v2-75802.png,513,×,16925
hasy-data/v2-75803.png,513,×,16925
hasy-data/v2-75804.png,513,×,16925
hasy-data/v2-75805.png,513,×,16925
hasy-data/v2-75806.png,513,×,16925
hasy-data/v2-75807.png,513,×,16925
hasy-data/v2-75808.png,513,×,16925
hasy-data/v2-75809.png,513,×,16925
hasy-data/v2-75810.png,513,×,16925
hasy-data/v2-75811.png,513,×,16925
hasy-data/v2-75812.png,513,×,16925
hasy-data/v2-75813.png,513,×,16925
hasy-data/v2-75814.png,513,×,16925
hasy-data/v2-75815.png,513,×,16925
hasy-data/v2-75816.png,513,×,16925
hasy-data/v2-75817.png,513,×,16925
hasy-data/v2-75818.png,513,×,16925
hasy-data/v2-75819.png,513,×,16925
hasy-data/v2-75820.png,513,×,16925
hasy-data/v2-75821.png,513,×,16925
hasy-data/v2-75822.png,513,×,16925
hasy-data/v2-75823.png,513,×,16925
hasy-data/v2-75824.png,513,×,16925
hasy-data/v2-75825.png,513,×,16925
hasy-data/v2-75826.png,513,×,16925
hasy-data/v2-75827.png,513,×,16925
hasy-data/v2-75828.png,513,×,16925
hasy-data/v2-75829.png,513,×,16925
hasy-data/v2-75830.png,513,×,16925
hasy-data/v2-75831.png,513,×,16925
hasy-data/v2-75832.png,513,×,16925
hasy-data/v2-75833.png,513,×,16925
hasy-data/v2-75834.png,513,×,16925
hasy-data/v2-75835.png,513,×,16925
hasy-data/v2-75836.png,513,×,16925
hasy-data/v2-75837.png,513,×,16925
hasy-data/v2-75838.png,513,×,16925
hasy-data/v2-75839.png,513,×,16925
hasy-data/v2-75840.png,513,×,16925
hasy-data/v2-75841.png,513,×,16925
hasy-data/v2-75842.png,513,×,16925
hasy-data/v2-75843.png,513,×,16925
hasy-data/v2-75844.png,513,×,16925
hasy-data/v2-75845.png,513,×,16925
hasy-data/v2-75846.png,513,×,16925
hasy-data/v2-75847.png,513,×,16925
hasy-data/v2-75848.png,513,×,16925
hasy-data/v2-75849.png,513,×,16925
hasy-data/v2-75850.png,513,×,16925
hasy-data/v2-75851.png,513,×,16925
hasy-data/v2-75852.png,513,×,16925
hasy-data/v2-75853.png,513,×,16925
hasy-data/v2-75854.png,513,×,16925
hasy-data/v2-75855.png,513,×,16925
hasy-data/v2-75856.png,513,×,16925
hasy-data/v2-75857.png,513,×,16925
hasy-data/v2-75858.png,513,×,16925
hasy-data/v2-75859.png,513,×,16925
hasy-data/v2-75860.png,513,×,16925
hasy-data/v2-75861.png,513,×,16925
hasy-data/v2-75862.png,513,×,16925
hasy-data/v2-75863.png,513,×,16925
hasy-data/v2-75864.png,513,×,16925
hasy-data/v2-75865.png,513,×,16925
hasy-data/v2-75866.png,513,×,16925
hasy-data/v2-75867.png,513,×,16925
hasy-data/v2-75868.png,513,×,16925
hasy-data/v2-75869.png,513,×,16925
hasy-data/v2-75870.png,513,×,16925
hasy-data/v2-75871.png,513,×,16925
hasy-data/v2-75872.png,513,×,16925
hasy-data/v2-75873.png,513,×,16925
hasy-data/v2-75874.png,513,×,16925
hasy-data/v2-75875.png,513,×,16925
hasy-data/v2-75876.png,513,×,16925
hasy-data/v2-75877.png,513,×,16925
hasy-data/v2-75878.png,513,×,16925
hasy-data/v2-75879.png,513,×,16925
hasy-data/v2-75880.png,513,×,16925
hasy-data/v2-75881.png,513,×,16925
hasy-data/v2-75882.png,513,×,16925
hasy-data/v2-75883.png,513,×,16925
hasy-data/v2-75884.png,513,×,16925
hasy-data/v2-75885.png,513,×,16925
hasy-data/v2-75886.png,513,×,16925
hasy-data/v2-75887.png,513,×,16925
hasy-data/v2-75888.png,513,×,16925
hasy-data/v2-75889.png,513,×,16925
hasy-data/v2-75890.png,513,×,16925
hasy-data/v2-75891.png,513,×,16925
hasy-data/v2-75892.png,513,×,16925
hasy-data/v2-75893.png,513,×,16925
hasy-data/v2-75894.png,513,×,16925
hasy-data/v2-75895.png,513,×,16925
hasy-data/v2-75896.png,513,×,16925
hasy-data/v2-75897.png,513,×,16925
hasy-data/v2-75898.png,513,×,16925
hasy-data/v2-75899.png,513,×,16925
hasy-data/v2-75900.png,513,×,16925
hasy-data/v2-75901.png,513,×,16925
hasy-data/v2-75902.png,513,×,16925
hasy-data/v2-75903.png,513,×,16925
hasy-data/v2-75904.png,513,×,16925
hasy-data/v2-75905.png,513,×,16925
hasy-data/v2-75906.png,513,×,16925
hasy-data/v2-75907.png,513,×,16925
hasy-data/v2-75908.png,513,×,16925
hasy-data/v2-75909.png,513,×,16925
hasy-data/v2-75910.png,513,×,16925
hasy-data/v2-75911.png,513,×,16925
hasy-data/v2-75912.png,513,×,16925
hasy-data/v2-75913.png,513,×,16925
hasy-data/v2-75914.png,513,×,16925
hasy-data/v2-75915.png,513,×,16925
hasy-data/v2-75916.png,513,×,16925
hasy-data/v2-75917.png,513,×,16925
hasy-data/v2-75918.png,513,×,16925
hasy-data/v2-75919.png,513,×,16925
hasy-data/v2-75920.png,513,×,16925
hasy-data/v2-75921.png,513,×,16925
hasy-data/v2-75922.png,513,×,16925
hasy-data/v2-75923.png,513,×,16925
hasy-data/v2-75924.png,513,×,16925
hasy-data/v2-75925.png,513,×,16925
hasy-data/v2-75926.png,513,×,16925
hasy-data/v2-75927.png,513,×,16925
hasy-data/v2-75928.png,513,×,16925
hasy-data/v2-75929.png,513,×,16925
hasy-data/v2-75930.png,513,×,16925
hasy-data/v2-75931.png,513,×,16925
hasy-data/v2-75932.png,513,×,16925
hasy-data/v2-75933.png,513,×,16925
hasy-data/v2-75934.png,513,×,16925
hasy-data/v2-75935.png,513,×,16925
hasy-data/v2-75936.png,513,×,16925
hasy-data/v2-75937.png,513,×,16925
hasy-data/v2-75938.png,513,×,16925
hasy-data/v2-75939.png,513,×,16925
hasy-data/v2-75940.png,513,×,16925
hasy-data/v2-75941.png,513,×,16925
hasy-data/v2-75942.png,513,×,16925
hasy-data/v2-75943.png,513,×,16925
hasy-data/v2-75944.png,513,×,16925
hasy-data/v2-75945.png,513,×,16925
hasy-data/v2-75946.png,513,×,16925
hasy-data/v2-75947.png,513,×,16925
hasy-data/v2-75948.png,513,×,16925
hasy-data/v2-75949.png,513,×,16925
hasy-data/v2-75950.png,513,×,16925
hasy-data/v2-75951.png,513,×,16925
hasy-data/v2-75952.png,513,×,16925
hasy-data/v2-75953.png,513,×,16925
hasy-data/v2-75954.png,513,×,16925
hasy-data/v2-75955.png,513,×,16925
hasy-data/v2-75956.png,513,×,16925
hasy-data/v2-75957.png,513,×,16925
hasy-data/v2-75958.png,513,×,16925
hasy-data/v2-75959.png,513,×,16925
hasy-data/v2-75960.png,513,×,16925
hasy-data/v2-75961.png,513,×,16925
hasy-data/v2-75962.png,513,×,16925
hasy-data/v2-75963.png,513,×,16925
hasy-data/v2-75964.png,513,×,16925
hasy-data/v2-75965.png,513,×,16925
hasy-data/v2-75966.png,513,×,16925
hasy-data/v2-75967.png,513,×,16925
hasy-data/v2-75968.png,513,×,16925
hasy-data/v2-75969.png,513,×,16925
hasy-data/v2-75970.png,513,×,16925
hasy-data/v2-75971.png,513,×,16925
hasy-data/v2-75972.png,513,×,16925
hasy-data/v2-75973.png,513,×,16925
hasy-data/v2-75974.png,513,×,16925
hasy-data/v2-75975.png,513,×,16925
hasy-data/v2-75976.png,513,×,16925
hasy-data/v2-75977.png,513,×,16925
hasy-data/v2-75978.png,513,×,16925
hasy-data/v2-75979.png,513,×,16925
hasy-data/v2-75980.png,513,×,16925
hasy-data/v2-75981.png,513,×,16925
hasy-data/v2-75982.png,513,×,16925
hasy-data/v2-75983.png,513,×,16925
hasy-data/v2-75984.png,513,×,16925
hasy-data/v2-75985.png,513,×,16925
hasy-data/v2-75986.png,513,×,16925
hasy-data/v2-75987.png,513,×,16925
hasy-data/v2-75988.png,513,×,16925
hasy-data/v2-75989.png,513,×,16925
hasy-data/v2-75990.png,513,×,16925
hasy-data/v2-75991.png,513,×,16925
hasy-data/v2-75992.png,513,×,16925
hasy-data/v2-75993.png,513,×,16925
hasy-data/v2-75994.png,513,×,16925
hasy-data/v2-75995.png,513,×,16925
hasy-data/v2-75996.png,513,×,16925
hasy-data/v2-75997.png,513,×,16925
hasy-data/v2-75998.png,513,×,16925
hasy-data/v2-75999.png,513,×,16925
hasy-data/v2-76000.png,513,×,16925
hasy-data/v2-76001.png,513,×,16925
hasy-data/v2-76002.png,513,×,16925
hasy-data/v2-76003.png,513,×,16925
hasy-data/v2-76004.png,513,×,16925
hasy-data/v2-76005.png,513,×,16925
hasy-data/v2-76006.png,513,×,16925
hasy-data/v2-76007.png,513,×,16925
hasy-data/v2-76008.png,513,×,16925
hasy-data/v2-76009.png,513,×,16925
hasy-data/v2-76010.png,513,×,16925
hasy-data/v2-76011.png,513,×,16925
hasy-data/v2-76012.png,513,×,16925
hasy-data/v2-76013.png,513,×,16925
hasy-data/v2-76014.png,513,×,16925
hasy-data/v2-76015.png,513,×,16925
hasy-data/v2-76016.png,513,×,16925
hasy-data/v2-76017.png,513,×,16925
hasy-data/v2-76018.png,513,×,16925
hasy-data/v2-76019.png,513,×,16925
hasy-data/v2-76020.png,513,×,16925
hasy-data/v2-76021.png,513,×,16925
hasy-data/v2-76022.png,513,×,16925
hasy-data/v2-76023.png,513,×,16925
hasy-data/v2-76024.png,513,×,16925
hasy-data/v2-76025.png,513,×,16925
hasy-data/v2-76026.png,513,×,16925
hasy-data/v2-76027.png,513,×,16925
hasy-data/v2-76028.png,513,×,16925
hasy-data/v2-76029.png,513,×,16925
hasy-data/v2-76030.png,513,×,16925
hasy-data/v2-76031.png,513,×,16925
hasy-data/v2-76032.png,513,×,16925
hasy-data/v2-76033.png,513,×,16925
hasy-data/v2-76034.png,513,×,16925
hasy-data/v2-76035.png,513,×,16925
hasy-data/v2-76036.png,513,×,16925
hasy-data/v2-76037.png,513,×,16925
hasy-data/v2-76038.png,513,×,16925
hasy-data/v2-76039.png,513,×,16925
hasy-data/v2-76040.png,513,×,16925
hasy-data/v2-76041.png,513,×,16925
hasy-data/v2-76042.png,513,×,16925
hasy-data/v2-76043.png,513,×,16925
hasy-data/v2-76044.png,513,×,16925
hasy-data/v2-76045.png,513,×,16925
hasy-data/v2-76046.png,513,×,16925
hasy-data/v2-76047.png,513,×,16925
hasy-data/v2-76048.png,513,×,16925
hasy-data/v2-76049.png,513,×,16925
hasy-data/v2-76050.png,513,×,16925
hasy-data/v2-76051.png,513,×,16925
hasy-data/v2-76052.png,513,×,16925
hasy-data/v2-76053.png,513,×,16925
hasy-data/v2-76054.png,513,×,16925
hasy-data/v2-76055.png,513,×,16925
hasy-data/v2-76056.png,513,×,16925
hasy-data/v2-76057.png,513,×,16925
hasy-data/v2-76058.png,513,×,16925
hasy-data/v2-76059.png,513,×,16925
hasy-data/v2-76060.png,513,×,16925
hasy-data/v2-76061.png,513,×,16925
hasy-data/v2-76062.png,513,×,16925
hasy-data/v2-76063.png,513,×,16925
hasy-data/v2-76064.png,513,×,16925
hasy-data/v2-76065.png,513,×,16925
hasy-data/v2-76066.png,513,×,16925
hasy-data/v2-76067.png,513,×,16925
hasy-data/v2-76068.png,513,×,16925
hasy-data/v2-76069.png,513,×,16925
hasy-data/v2-76070.png,513,×,16925
hasy-data/v2-76071.png,513,×,16925
hasy-data/v2-76072.png,513,×,16925
hasy-data/v2-76073.png,513,×,16925
hasy-data/v2-76074.png,513,×,16925
hasy-data/v2-76075.png,513,×,16925
hasy-data/v2-76076.png,513,×,16925
hasy-data/v2-76077.png,513,×,16925
hasy-data/v2-76078.png,513,×,16925
hasy-data/v2-76079.png,513,×,16925
hasy-data/v2-76080.png,513,×,16925
hasy-data/v2-76081.png,513,×,16925
hasy-data/v2-76082.png,513,×,16925
hasy-data/v2-76083.png,513,×,16925
hasy-data/v2-76084.png,513,×,16925
hasy-data/v2-76085.png,513,×,16925
hasy-data/v2-76086.png,513,×,16925
hasy-data/v2-76087.png,513,×,16925
hasy-data/v2-76088.png,513,×,16925
hasy-data/v2-76089.png,513,×,16925
hasy-data/v2-76090.png,513,×,16925
hasy-data/v2-76091.png,513,×,16925
hasy-data/v2-76092.png,513,×,16925
hasy-data/v2-76093.png,513,×,16925
hasy-data/v2-76094.png,513,×,16925
hasy-data/v2-76095.png,513,×,16925
hasy-data/v2-76096.png,513,×,16925
hasy-data/v2-76097.png,513,×,16925
hasy-data/v2-76098.png,513,×,16925
hasy-data/v2-76099.png,513,×,16925
hasy-data/v2-76100.png,513,×,16925
hasy-data/v2-76101.png,513,×,16925
hasy-data/v2-76102.png,513,×,16925
hasy-data/v2-76103.png,513,×,16925
hasy-data/v2-76104.png,513,×,16925
hasy-data/v2-76105.png,513,×,16925
hasy-data/v2-76106.png,513,×,16925
hasy-data/v2-76107.png,513,×,16925
hasy-data/v2-76108.png,513,×,16925
hasy-data/v2-76109.png,513,×,16925
hasy-data/v2-76110.png,513,×,16925
hasy-data/v2-76111.png,513,×,16925
hasy-data/v2-76112.png,513,×,16925
hasy-data/v2-76113.png,513,×,16925
hasy-data/v2-76114.png,513,×,16925
hasy-data/v2-76115.png,513,×,16925
hasy-data/v2-76116.png,513,×,16925
hasy-data/v2-76117.png,513,×,16925
hasy-data/v2-76118.png,513,×,16925
hasy-data/v2-76119.png,513,×,16925
hasy-data/v2-76120.png,513,×,16925
hasy-data/v2-76121.png,513,×,16925
hasy-data/v2-76122.png,513,×,16925
hasy-data/v2-76123.png,513,×,16925
hasy-data/v2-76124.png,513,×,16925
hasy-data/v2-76125.png,513,×,16925
hasy-data/v2-76126.png,513,×,16925
hasy-data/v2-76127.png,513,×,16925
hasy-data/v2-76128.png,513,×,16925
hasy-data/v2-76129.png,513,×,16925
hasy-data/v2-76130.png,513,×,16925
hasy-data/v2-76131.png,513,×,16925
hasy-data/v2-76132.png,513,×,16925
hasy-data/v2-76133.png,513,×,16925
hasy-data/v2-76134.png,513,×,16925
hasy-data/v2-76135.png,513,×,16925
hasy-data/v2-76136.png,513,×,16925
hasy-data/v2-76137.png,513,×,16925
hasy-data/v2-76138.png,513,×,16925
hasy-data/v2-76139.png,513,×,16925
hasy-data/v2-76140.png,513,×,16925
hasy-data/v2-76141.png,513,×,16925
hasy-data/v2-76142.png,513,×,16925
hasy-data/v2-76143.png,513,×,16925
hasy-data/v2-76144.png,513,×,16925
hasy-data/v2-76145.png,513,×,16925
hasy-data/v2-76146.png,513,×,16925
hasy-data/v2-76147.png,513,×,16925
hasy-data/v2-76148.png,513,×,16925
hasy-data/v2-76149.png,513,×,16925
hasy-data/v2-76150.png,513,×,16925
hasy-data/v2-76151.png,513,×,16925
hasy-data/v2-76152.png,513,×,16925
hasy-data/v2-76153.png,513,×,16925
hasy-data/v2-76154.png,513,×,16925
hasy-data/v2-76155.png,513,×,16925
hasy-data/v2-76156.png,513,×,16925
hasy-data/v2-76157.png,513,×,16925
hasy-data/v2-76158.png,513,×,16925
hasy-data/v2-76159.png,513,×,16925
hasy-data/v2-76160.png,513,×,16925
hasy-data/v2-76161.png,513,×,16925
hasy-data/v2-76162.png,513,×,16925
hasy-data/v2-76163.png,513,×,16925
hasy-data/v2-76164.png,513,×,16925
hasy-data/v2-76165.png,513,×,16925
hasy-data/v2-76166.png,513,×,16925
hasy-data/v2-76167.png,513,×,16925
hasy-data/v2-76168.png,513,×,16925
hasy-data/v2-76169.png,513,×,16925
hasy-data/v2-76170.png,513,×,16925
hasy-data/v2-76171.png,513,×,16925
hasy-data/v2-76172.png,513,×,16925
hasy-data/v2-76173.png,513,×,16925
hasy-data/v2-76174.png,513,×,16925
hasy-data/v2-76175.png,513,×,16925
hasy-data/v2-76176.png,513,×,16925
hasy-data/v2-76177.png,513,×,16925
hasy-data/v2-76178.png,513,×,16925
hasy-data/v2-76179.png,513,×,16925
hasy-data/v2-76180.png,513,×,16925
hasy-data/v2-76181.png,513,×,16925
hasy-data/v2-76182.png,513,×,16925
hasy-data/v2-76183.png,513,×,16925
hasy-data/v2-76184.png,513,×,16925
hasy-data/v2-76185.png,513,×,16925
hasy-data/v2-76186.png,513,×,16925
hasy-data/v2-76187.png,513,×,16925
hasy-data/v2-76188.png,513,×,16925
hasy-data/v2-76189.png,513,×,16925
hasy-data/v2-76190.png,513,×,16925
hasy-data/v2-76191.png,513,×,16925
hasy-data/v2-76192.png,513,×,16925
hasy-data/v2-76193.png,513,×,16925
hasy-data/v2-76194.png,513,×,16925
hasy-data/v2-76195.png,513,×,16925
hasy-data/v2-76196.png,513,×,16925
hasy-data/v2-76197.png,513,×,16925
hasy-data/v2-76198.png,513,×,16925
hasy-data/v2-76199.png,513,×,16925
hasy-data/v2-76200.png,513,×,16925
hasy-data/v2-76201.png,513,×,16925
hasy-data/v2-76202.png,513,×,16925
hasy-data/v2-76203.png,513,×,16925
hasy-data/v2-76204.png,513,×,16925
hasy-data/v2-76205.png,513,×,16925
hasy-data/v2-76206.png,513,×,16925
hasy-data/v2-76207.png,513,×,16925
hasy-data/v2-76208.png,513,×,16925
hasy-data/v2-76209.png,513,×,16925
hasy-data/v2-76210.png,513,×,16925
hasy-data/v2-76211.png,513,×,16925
hasy-data/v2-76212.png,513,×,16925
hasy-data/v2-76213.png,513,×,16925
hasy-data/v2-76214.png,513,×,16925
hasy-data/v2-76215.png,513,×,16925
hasy-data/v2-76216.png,513,×,16925
hasy-data/v2-76217.png,513,×,16925
hasy-data/v2-76218.png,513,×,16925
hasy-data/v2-76219.png,513,×,16925
hasy-data/v2-76220.png,513,×,16925
hasy-data/v2-76221.png,513,×,16925
hasy-data/v2-76222.png,513,×,16925
hasy-data/v2-76223.png,513,×,16925
hasy-data/v2-76224.png,513,×,16925
hasy-data/v2-76225.png,513,×,16925
hasy-data/v2-76226.png,513,×,16925
hasy-data/v2-76227.png,513,×,16925
hasy-data/v2-76228.png,513,×,16925
hasy-data/v2-76229.png,513,×,16925
hasy-data/v2-76230.png,513,×,16925
hasy-data/v2-76231.png,513,×,16925
hasy-data/v2-76232.png,513,×,16925
hasy-data/v2-76233.png,513,×,16925
hasy-data/v2-76234.png,513,×,16925
hasy-data/v2-76235.png,513,×,16925
hasy-data/v2-76236.png,513,×,16925
hasy-data/v2-76237.png,513,×,16925
hasy-data/v2-76238.png,513,×,16925
hasy-data/v2-76239.png,513,×,16925
hasy-data/v2-76240.png,513,×,16925
hasy-data/v2-76241.png,513,×,16925
hasy-data/v2-76242.png,513,×,16925
hasy-data/v2-76243.png,513,×,16925
hasy-data/v2-76244.png,513,×,16925
hasy-data/v2-76245.png,513,×,16925
hasy-data/v2-76246.png,513,×,16925
hasy-data/v2-76247.png,513,×,16925
hasy-data/v2-76248.png,513,×,16925
hasy-data/v2-76249.png,513,×,16925
hasy-data/v2-76250.png,513,×,16925
hasy-data/v2-76251.png,513,×,16925
hasy-data/v2-76252.png,513,×,16925
hasy-data/v2-76253.png,513,×,16925
hasy-data/v2-76254.png,513,×,16925
hasy-data/v2-76255.png,513,×,16925
hasy-data/v2-76256.png,513,×,16925
hasy-data/v2-76257.png,513,×,16925
hasy-data/v2-76258.png,513,×,16925
hasy-data/v2-76259.png,513,×,16925
hasy-data/v2-76260.png,513,×,16925
hasy-data/v2-76261.png,513,×,16925
hasy-data/v2-76262.png,513,×,16925
hasy-data/v2-76263.png,513,×,16925
hasy-data/v2-76264.png,513,×,16925
hasy-data/v2-76265.png,513,×,16925
hasy-data/v2-76266.png,513,×,16925
hasy-data/v2-76267.png,513,×,16925
hasy-data/v2-76268.png,513,×,16925
hasy-data/v2-76269.png,513,×,16925
hasy-data/v2-76270.png,513,×,16925
hasy-data/v2-76271.png,513,×,16925
hasy-data/v2-76272.png,513,×,16925
hasy-data/v2-76273.png,513,×,16925
hasy-data/v2-76274.png,513,×,16925
hasy-data/v2-76275.png,513,×,16925
hasy-data/v2-76276.png,513,×,16925
hasy-data/v2-76277.png,513,×,16925
hasy-data/v2-76278.png,513,×,16925
hasy-data/v2-76279.png,513,×,16925
hasy-data/v2-76280.png,513,×,16925
hasy-data/v2-76281.png,513,×,16925
hasy-data/v2-76282.png,513,×,16925
hasy-data/v2-76283.png,513,×,16925
hasy-data/v2-76284.png,513,×,16925
hasy-data/v2-76285.png,513,×,16925
hasy-data/v2-76286.png,513,×,16925
hasy-data/v2-76287.png,513,×,16925
hasy-data/v2-76288.png,513,×,16925
hasy-data/v2-76289.png,513,×,16925
hasy-data/v2-76290.png,513,×,16925
hasy-data/v2-76291.png,513,×,16925
hasy-data/v2-76292.png,513,×,16925
hasy-data/v2-76293.png,513,×,16925
hasy-data/v2-76294.png,513,×,16925
hasy-data/v2-76295.png,513,×,16925
hasy-data/v2-76296.png,513,×,16925
hasy-data/v2-76297.png,513,×,16925
hasy-data/v2-76298.png,513,×,16925
hasy-data/v2-76299.png,513,×,16925
hasy-data/v2-76300.png,513,×,16925
hasy-data/v2-76301.png,513,×,16925
hasy-data/v2-76302.png,513,×,16925
hasy-data/v2-76303.png,513,×,16925
hasy-data/v2-76304.png,513,×,16925
hasy-data/v2-76305.png,513,×,16925
hasy-data/v2-76306.png,513,×,16925
hasy-data/v2-76307.png,513,×,16925
hasy-data/v2-76308.png,513,×,16925
hasy-data/v2-76309.png,513,×,16925
hasy-data/v2-76310.png,513,×,16925
hasy-data/v2-76311.png,513,×,16925
hasy-data/v2-76312.png,513,×,16925
hasy-data/v2-76313.png,513,×,16925
hasy-data/v2-76314.png,513,×,16925
hasy-data/v2-76315.png,513,×,16925
hasy-data/v2-76316.png,513,×,16925
hasy-data/v2-76317.png,513,×,16925
hasy-data/v2-76318.png,513,×,16925
hasy-data/v2-76319.png,513,×,16925
hasy-data/v2-76320.png,513,×,16925
hasy-data/v2-76321.png,513,×,16925
hasy-data/v2-76322.png,513,×,16925
hasy-data/v2-76323.png,513,×,16925
hasy-data/v2-76324.png,513,×,16925
hasy-data/v2-76325.png,513,×,16925
hasy-data/v2-76326.png,513,×,16925
hasy-data/v2-76327.png,513,×,16925
hasy-data/v2-76328.png,513,×,16925
hasy-data/v2-76329.png,513,×,16925
hasy-data/v2-76330.png,513,×,16925
hasy-data/v2-76331.png,513,×,16925
hasy-data/v2-76332.png,513,×,16925
hasy-data/v2-76333.png,513,×,16925
hasy-data/v2-76334.png,513,×,16925
hasy-data/v2-76335.png,513,×,16925
hasy-data/v2-76336.png,513,×,16925
hasy-data/v2-76337.png,513,×,16925
hasy-data/v2-76338.png,513,×,16925
hasy-data/v2-76339.png,513,×,16925
hasy-data/v2-76340.png,513,×,16925
hasy-data/v2-76341.png,513,×,16925
hasy-data/v2-76342.png,513,×,16925
hasy-data/v2-76343.png,513,×,16925
hasy-data/v2-76344.png,513,×,16925
hasy-data/v2-76345.png,513,×,16925
hasy-data/v2-76346.png,513,×,16925
hasy-data/v2-76347.png,513,×,16925
hasy-data/v2-76348.png,513,×,16925
hasy-data/v2-76349.png,513,×,16925
hasy-data/v2-76350.png,513,×,16925
hasy-data/v2-76351.png,513,×,16925
hasy-data/v2-76352.png,513,×,16925
hasy-data/v2-76353.png,513,×,16925
hasy-data/v2-76354.png,513,×,16925
hasy-data/v2-76355.png,513,×,16925
hasy-data/v2-76356.png,513,×,16925
hasy-data/v2-76357.png,513,×,16925
hasy-data/v2-76358.png,513,×,16925
hasy-data/v2-76359.png,513,×,16925
hasy-data/v2-76360.png,513,×,16925
hasy-data/v2-76361.png,513,×,16925
hasy-data/v2-76362.png,513,×,16925
hasy-data/v2-76363.png,513,×,16925
hasy-data/v2-76364.png,513,×,16925
hasy-data/v2-76365.png,513,×,16925
hasy-data/v2-76366.png,513,×,16925
hasy-data/v2-76367.png,513,×,16925
hasy-data/v2-76368.png,513,×,16925
hasy-data/v2-76369.png,513,×,16925
hasy-data/v2-76370.png,513,×,16925
hasy-data/v2-76371.png,513,×,16925
hasy-data/v2-76372.png,513,×,16925
hasy-data/v2-76373.png,513,×,16925
hasy-data/v2-76374.png,513,×,16925
hasy-data/v2-76375.png,513,×,16925
hasy-data/v2-76376.png,513,×,16925
hasy-data/v2-76377.png,513,×,16925
hasy-data/v2-76378.png,513,×,16925
hasy-data/v2-76379.png,513,×,16925
hasy-data/v2-76380.png,513,×,16925
hasy-data/v2-76381.png,513,×,16925
hasy-data/v2-76382.png,513,×,16925
hasy-data/v2-76383.png,513,×,16925
hasy-data/v2-76384.png,513,×,16925
hasy-data/v2-76385.png,513,×,16925
hasy-data/v2-76386.png,513,×,16925
hasy-data/v2-76387.png,513,×,16925
hasy-data/v2-76388.png,513,×,16925
hasy-data/v2-76389.png,513,×,16925
hasy-data/v2-76390.png,513,×,16925
hasy-data/v2-76391.png,513,×,16925
hasy-data/v2-76392.png,513,×,16925
hasy-data/v2-76393.png,513,×,16925
hasy-data/v2-76394.png,513,×,16925
hasy-data/v2-76395.png,513,×,16925
hasy-data/v2-76396.png,513,×,16925
hasy-data/v2-76397.png,513,×,16925
hasy-data/v2-76398.png,513,×,16925
hasy-data/v2-76399.png,513,×,16925
hasy-data/v2-76400.png,513,×,16925
hasy-data/v2-76401.png,513,×,16925
hasy-data/v2-76402.png,513,×,16925
hasy-data/v2-76403.png,513,×,16925
hasy-data/v2-76404.png,513,×,16925
hasy-data/v2-76405.png,513,×,16925
hasy-data/v2-76406.png,513,×,16925
hasy-data/v2-76407.png,513,×,16925
hasy-data/v2-76408.png,513,×,16925
hasy-data/v2-76409.png,513,×,16925
hasy-data/v2-76410.png,513,×,16925
hasy-data/v2-76411.png,513,×,16925
hasy-data/v2-76412.png,513,×,16925
hasy-data/v2-76413.png,513,×,16925
hasy-data/v2-76414.png,513,×,16925
hasy-data/v2-76415.png,513,×,16925
hasy-data/v2-76416.png,513,×,16925
hasy-data/v2-76417.png,513,×,16925
hasy-data/v2-76418.png,513,×,16925
hasy-data/v2-76419.png,513,×,16925
hasy-data/v2-76420.png,513,×,16925
hasy-data/v2-76421.png,513,×,16925
hasy-data/v2-76422.png,513,×,16925
hasy-data/v2-76423.png,513,×,16925
hasy-data/v2-76424.png,513,×,16925
hasy-data/v2-76425.png,513,×,16925
hasy-data/v2-76426.png,513,×,16925
hasy-data/v2-76427.png,513,×,16925
hasy-data/v2-76428.png,513,×,16925
hasy-data/v2-76429.png,513,×,16925
hasy-data/v2-76430.png,513,×,16925
hasy-data/v2-76431.png,513,×,16925
hasy-data/v2-76432.png,513,×,16925
hasy-data/v2-76433.png,513,×,16925
hasy-data/v2-76434.png,513,×,16925
hasy-data/v2-76435.png,513,×,16925
hasy-data/v2-76436.png,513,×,16925
hasy-data/v2-76437.png,513,×,16925
hasy-data/v2-76438.png,513,×,16925
hasy-data/v2-76439.png,513,×,16925
hasy-data/v2-76440.png,513,×,16925
hasy-data/v2-76441.png,513,×,16925
hasy-data/v2-76442.png,513,×,16925
hasy-data/v2-76443.png,513,×,16925
hasy-data/v2-76444.png,513,×,16925
hasy-data/v2-76445.png,513,×,16925
hasy-data/v2-76446.png,513,×,16925
hasy-data/v2-76447.png,513,×,16925
hasy-data/v2-76448.png,513,×,16925
hasy-data/v2-76449.png,513,×,16925
hasy-data/v2-76450.png,513,×,16925
hasy-data/v2-76451.png,513,×,16925
hasy-data/v2-76452.png,513,×,16925
hasy-data/v2-76453.png,513,×,16925
hasy-data/v2-76454.png,513,×,16925
hasy-data/v2-76455.png,513,×,16925
hasy-data/v2-76456.png,513,×,16925
hasy-data/v2-76457.png,513,×,16925
hasy-data/v2-76458.png,513,×,16925
hasy-data/v2-76459.png,513,×,16925
hasy-data/v2-76460.png,513,×,16925
hasy-data/v2-76461.png,513,×,16925
hasy-data/v2-76462.png,513,×,16925
hasy-data/v2-76463.png,513,×,16925
hasy-data/v2-76464.png,513,×,16925
hasy-data/v2-76465.png,513,×,16925
hasy-data/v2-76466.png,513,×,16925
hasy-data/v2-76467.png,513,×,16925
hasy-data/v2-76468.png,513,×,16925
hasy-data/v2-76469.png,513,×,16925
hasy-data/v2-76470.png,513,×,16925
hasy-data/v2-76471.png,513,×,16925
hasy-data/v2-76472.png,513,×,16925
hasy-data/v2-76473.png,513,×,16925
hasy-data/v2-76474.png,513,×,16925
hasy-data/v2-76475.png,513,×,16925
hasy-data/v2-76476.png,513,×,16925
hasy-data/v2-76477.png,513,×,16925
hasy-data/v2-76478.png,513,×,16925
hasy-data/v2-76479.png,513,×,16925
hasy-data/v2-76480.png,513,×,16925
hasy-data/v2-76481.png,513,×,16925
hasy-data/v2-76482.png,513,×,16925
hasy-data/v2-76483.png,513,×,16925
hasy-data/v2-76484.png,513,×,16925
hasy-data/v2-76485.png,513,×,16925
hasy-data/v2-76486.png,513,×,16925
hasy-data/v2-76487.png,513,×,16925
hasy-data/v2-76488.png,513,×,16925
hasy-data/v2-76489.png,513,×,16925
hasy-data/v2-76490.png,513,×,16925
hasy-data/v2-76491.png,513,×,16925
hasy-data/v2-76492.png,513,×,16925
hasy-data/v2-76493.png,513,×,16925
hasy-data/v2-76494.png,513,×,16925
hasy-data/v2-76495.png,513,×,16925
hasy-data/v2-76496.png,513,×,16925
hasy-data/v2-76497.png,513,×,16925
hasy-data/v2-76498.png,513,×,16925
hasy-data/v2-76499.png,513,×,16925
hasy-data/v2-76500.png,513,×,16925
hasy-data/v2-76501.png,513,×,16925
hasy-data/v2-76502.png,513,×,16925
hasy-data/v2-76503.png,513,×,16925
hasy-data/v2-76504.png,513,×,16925
hasy-data/v2-76505.png,513,×,16925
hasy-data/v2-76506.png,513,×,16925
hasy-data/v2-76507.png,513,×,16925
hasy-data/v2-76508.png,513,×,16925
hasy-data/v2-76509.png,513,×,16925
hasy-data/v2-76510.png,513,×,16925
hasy-data/v2-76511.png,513,×,16925
hasy-data/v2-76512.png,513,×,16925
hasy-data/v2-76513.png,513,×,16925
hasy-data/v2-76514.png,513,×,16925
hasy-data/v2-76515.png,513,×,16925
hasy-data/v2-76516.png,513,×,16925
hasy-data/v2-76517.png,513,×,16925
hasy-data/v2-76518.png,513,×,16925
hasy-data/v2-76519.png,513,×,16925
hasy-data/v2-76520.png,513,×,16925
hasy-data/v2-76521.png,513,×,16925
hasy-data/v2-76522.png,513,×,16925
hasy-data/v2-76523.png,513,×,16925
hasy-data/v2-76524.png,513,×,16925
hasy-data/v2-76525.png,513,×,16925
hasy-data/v2-76526.png,513,×,16925
hasy-data/v2-76527.png,513,×,16925
hasy-data/v2-76528.png,513,×,16925
hasy-data/v2-76529.png,513,×,16925
hasy-data/v2-76530.png,513,×,16925
hasy-data/v2-76531.png,513,×,16925
hasy-data/v2-76532.png,513,×,16925
hasy-data/v2-76533.png,513,×,16925
hasy-data/v2-76534.png,513,×,16925
hasy-data/v2-76535.png,513,×,16925
hasy-data/v2-76536.png,513,×,16925
hasy-data/v2-76537.png,513,×,16925
hasy-data/v2-76538.png,513,×,16925
hasy-data/v2-76539.png,513,×,16925
hasy-data/v2-76540.png,513,×,16925
hasy-data/v2-76541.png,513,×,16925
hasy-data/v2-76542.png,513,×,16925
hasy-data/v2-76543.png,513,×,16925
hasy-data/v2-76544.png,513,×,16925
hasy-data/v2-76545.png,513,×,16925
hasy-data/v2-76546.png,513,×,16925
hasy-data/v2-76547.png,513,×,16925
hasy-data/v2-76548.png,513,×,16925
hasy-data/v2-76549.png,513,×,16925
hasy-data/v2-76550.png,513,×,16925
hasy-data/v2-76551.png,513,×,16925
hasy-data/v2-76552.png,513,×,16925
hasy-data/v2-76553.png,513,×,16925
hasy-data/v2-76554.png,513,×,16925
hasy-data/v2-76555.png,513,×,16925
hasy-data/v2-76556.png,513,×,16925
hasy-data/v2-76557.png,513,×,16925
hasy-data/v2-76558.png,513,×,16925
hasy-data/v2-76559.png,513,×,16925
hasy-data/v2-76560.png,513,×,16925
hasy-data/v2-76561.png,513,×,16925
hasy-data/v2-76562.png,513,×,16925
hasy-data/v2-76563.png,513,×,16925
hasy-data/v2-76564.png,513,×,16925
hasy-data/v2-76565.png,513,×,16925
hasy-data/v2-76566.png,513,×,16925
hasy-data/v2-76567.png,513,×,16925
hasy-data/v2-76568.png,513,×,16925
hasy-data/v2-76569.png,513,×,16925
hasy-data/v2-76570.png,513,×,16925
hasy-data/v2-76571.png,513,×,16925
hasy-data/v2-76572.png,513,×,16925
hasy-data/v2-76573.png,513,×,16925
hasy-data/v2-76574.png,513,×,16925
hasy-data/v2-76575.png,513,×,16925
hasy-data/v2-76576.png,513,×,16925
hasy-data/v2-76577.png,513,×,16925
hasy-data/v2-76578.png,513,×,16925
hasy-data/v2-76579.png,513,×,16925
hasy-data/v2-76580.png,513,×,16925
hasy-data/v2-76581.png,513,×,16925
hasy-data/v2-76582.png,513,×,16925
hasy-data/v2-76583.png,513,×,16925
hasy-data/v2-76584.png,513,×,16925
hasy-data/v2-76585.png,513,×,16925
hasy-data/v2-76586.png,513,×,16925
hasy-data/v2-76587.png,513,×,16925
hasy-data/v2-76588.png,513,×,16925
hasy-data/v2-76589.png,513,×,16925
hasy-data/v2-76590.png,513,×,16925
hasy-data/v2-76591.png,513,×,16925
hasy-data/v2-76592.png,513,×,16925
hasy-data/v2-76593.png,513,×,16925
hasy-data/v2-76594.png,513,×,16925
hasy-data/v2-76595.png,513,×,16925
hasy-data/v2-76596.png,513,×,16925
hasy-data/v2-76597.png,513,×,16925
hasy-data/v2-76598.png,513,×,16925
hasy-data/v2-76599.png,513,×,16925
hasy-data/v2-76600.png,513,×,16925
hasy-data/v2-76601.png,513,×,16925
hasy-data/v2-76602.png,513,×,16925
hasy-data/v2-76603.png,513,×,16925
hasy-data/v2-76604.png,513,×,16925
hasy-data/v2-76605.png,513,×,16925
hasy-data/v2-76606.png,513,×,16925
hasy-data/v2-76607.png,513,×,16925
hasy-data/v2-76608.png,513,×,16925
hasy-data/v2-76609.png,513,×,16925
hasy-data/v2-76610.png,513,×,16925
hasy-data/v2-76611.png,513,×,16925
hasy-data/v2-76612.png,513,×,16925
hasy-data/v2-76613.png,513,×,16925
hasy-data/v2-76614.png,513,×,16925
hasy-data/v2-76615.png,513,×,16925
hasy-data/v2-76616.png,513,×,16925
hasy-data/v2-76617.png,513,×,16925
hasy-data/v2-76618.png,513,×,16925
hasy-data/v2-76619.png,513,×,16925
hasy-data/v2-76620.png,513,×,16925
hasy-data/v2-76621.png,513,×,16925
hasy-data/v2-76622.png,513,×,16925
hasy-data/v2-76623.png,513,×,16925
hasy-data/v2-76624.png,513,×,16925
hasy-data/v2-76625.png,513,×,16925
hasy-data/v2-76626.png,513,×,16925
hasy-data/v2-76627.png,513,×,16925
hasy-data/v2-76628.png,513,×,16925
hasy-data/v2-76629.png,513,×,16925
hasy-data/v2-76630.png,513,×,16925
hasy-data/v2-76631.png,513,×,16925
hasy-data/v2-76632.png,513,×,16925
hasy-data/v2-76633.png,513,×,16925
hasy-data/v2-76634.png,513,×,16925
hasy-data/v2-76635.png,513,×,16925
hasy-data/v2-76636.png,513,×,16925
hasy-data/v2-76637.png,513,×,16925
hasy-data/v2-76638.png,513,×,16925
hasy-data/v2-76639.png,513,×,16925
hasy-data/v2-76640.png,513,×,16925
hasy-data/v2-76641.png,513,×,16925
hasy-data/v2-76642.png,513,×,16925
hasy-data/v2-76643.png,513,×,16925
hasy-data/v2-76644.png,513,×,16925
hasy-data/v2-76645.png,513,×,16925
hasy-data/v2-76646.png,513,×,16925
hasy-data/v2-76647.png,513,×,16925
hasy-data/v2-76648.png,513,×,16925
hasy-data/v2-76649.png,513,×,16925
hasy-data/v2-76650.png,513,×,16925
hasy-data/v2-76651.png,513,×,16925
hasy-data/v2-76652.png,513,×,16925
hasy-data/v2-76653.png,513,×,16925
hasy-data/v2-76654.png,513,×,16925
hasy-data/v2-76655.png,513,×,16925
hasy-data/v2-76656.png,513,×,16925
hasy-data/v2-76657.png,513,×,16925
hasy-data/v2-76658.png,513,×,16925
hasy-data/v2-76659.png,513,×,16925
hasy-data/v2-76660.png,513,×,16925
hasy-data/v2-76661.png,513,×,16925
hasy-data/v2-76662.png,513,×,16925
hasy-data/v2-76663.png,513,×,16925
hasy-data/v2-76664.png,513,×,16925
hasy-data/v2-76665.png,513,×,16925
hasy-data/v2-76666.png,513,×,16925
hasy-data/v2-76667.png,513,×,16925
hasy-data/v2-76668.png,513,×,16925
hasy-data/v2-76669.png,513,×,16925
hasy-data/v2-76670.png,513,×,16925
hasy-data/v2-76671.png,513,×,16925
hasy-data/v2-76672.png,513,×,16925
hasy-data/v2-76673.png,513,×,16925
hasy-data/v2-76674.png,513,×,16925
hasy-data/v2-76675.png,513,×,16925
hasy-data/v2-76676.png,513,×,16925
hasy-data/v2-76677.png,513,×,16925
hasy-data/v2-76678.png,513,×,16925
hasy-data/v2-76679.png,513,×,16925
hasy-data/v2-76680.png,513,×,16925
hasy-data/v2-76681.png,513,×,16925
hasy-data/v2-76682.png,513,×,16925
hasy-data/v2-76683.png,513,×,16925
hasy-data/v2-76684.png,513,×,16925
hasy-data/v2-76685.png,513,×,16925
hasy-data/v2-76686.png,513,×,16925
hasy-data/v2-76687.png,513,×,16925
hasy-data/v2-76688.png,513,×,16925
hasy-data/v2-76689.png,513,×,16925
hasy-data/v2-76690.png,513,×,16925
hasy-data/v2-76691.png,513,×,16925
hasy-data/v2-76692.png,513,×,16925
hasy-data/v2-76693.png,513,×,16925
hasy-data/v2-76694.png,513,×,16925
hasy-data/v2-76695.png,513,×,16925
hasy-data/v2-76696.png,513,×,16925
hasy-data/v2-76697.png,513,×,16925
hasy-data/v2-76698.png,513,×,16925
hasy-data/v2-76699.png,513,×,16925
hasy-data/v2-76700.png,513,×,16925
hasy-data/v2-76701.png,513,×,16925
hasy-data/v2-76702.png,513,×,16925
hasy-data/v2-76703.png,513,×,16925
hasy-data/v2-76704.png,513,×,16925
hasy-data/v2-76705.png,513,×,16925
hasy-data/v2-76706.png,513,×,16925
hasy-data/v2-76707.png,513,×,16925
hasy-data/v2-76708.png,513,×,16925
hasy-data/v2-76709.png,513,×,16925
hasy-data/v2-76710.png,513,×,16925
hasy-data/v2-76711.png,513,×,16925
hasy-data/v2-76712.png,513,×,16925
hasy-data/v2-76713.png,513,×,16925
hasy-data/v2-76714.png,513,×,16925
hasy-data/v2-76715.png,513,×,16925
hasy-data/v2-76716.png,513,×,16925
hasy-data/v2-76717.png,513,×,16925
hasy-data/v2-76718.png,513,×,16925
hasy-data/v2-76719.png,513,×,16925
hasy-data/v2-76720.png,513,×,16925
hasy-data/v2-76721.png,513,×,16925
hasy-data/v2-76722.png,513,×,16925
hasy-data/v2-76723.png,513,×,16925
hasy-data/v2-76724.png,513,×,16925
hasy-data/v2-76725.png,513,×,16925
hasy-data/v2-76726.png,513,×,16925
hasy-data/v2-76727.png,513,×,16925
hasy-data/v2-76728.png,513,×,16925
hasy-data/v2-76729.png,513,×,16925
hasy-data/v2-76730.png,513,×,16925
hasy-data/v2-76731.png,513,×,16925
hasy-data/v2-76732.png,513,×,16925
hasy-data/v2-76733.png,513,×,16925
hasy-data/v2-76734.png,513,×,16925
hasy-data/v2-76735.png,513,×,16925
hasy-data/v2-76736.png,513,×,16925
hasy-data/v2-76737.png,513,×,16925
hasy-data/v2-76738.png,513,×,16925
hasy-data/v2-76739.png,513,×,16925
hasy-data/v2-76740.png,513,×,16925
hasy-data/v2-76741.png,513,×,16925
hasy-data/v2-76742.png,513,×,16925
hasy-data/v2-76743.png,513,×,16925
hasy-data/v2-76744.png,513,×,16925
hasy-data/v2-76745.png,513,×,16925
hasy-data/v2-76746.png,513,×,16925
hasy-data/v2-76747.png,513,×,16925
hasy-data/v2-76748.png,513,×,16925
hasy-data/v2-76749.png,513,×,16925
hasy-data/v2-76750.png,513,×,16925
hasy-data/v2-76751.png,513,×,16925
hasy-data/v2-76752.png,513,×,16925
hasy-data/v2-76753.png,513,×,16925
hasy-data/v2-76754.png,513,×,16925
hasy-data/v2-76755.png,513,×,16925
hasy-data/v2-76756.png,513,×,16925
hasy-data/v2-76757.png,513,×,16925
hasy-data/v2-76758.png,513,×,16925
hasy-data/v2-76759.png,513,×,16925
hasy-data/v2-76760.png,513,×,16925
hasy-data/v2-76761.png,513,×,16925
hasy-data/v2-76762.png,513,×,16925
hasy-data/v2-76763.png,513,×,16925
hasy-data/v2-76764.png,513,×,16925
hasy-data/v2-76765.png,513,×,16925
hasy-data/v2-76766.png,513,×,16925
hasy-data/v2-76767.png,513,×,16925
hasy-data/v2-76768.png,513,×,16925
hasy-data/v2-76769.png,513,×,16925
hasy-data/v2-76770.png,513,×,16925
hasy-data/v2-76771.png,513,×,16925
hasy-data/v2-76772.png,513,×,16925
hasy-data/v2-76773.png,513,×,16925
hasy-data/v2-76774.png,513,×,16925
hasy-data/v2-76775.png,513,×,16925
hasy-data/v2-76776.png,513,×,16925
hasy-data/v2-76777.png,513,×,16925
hasy-data/v2-76778.png,513,×,16925
hasy-data/v2-76779.png,513,×,16925
hasy-data/v2-76780.png,513,×,16925
hasy-data/v2-76781.png,513,×,16925
hasy-data/v2-76782.png,513,×,16925
hasy-data/v2-76783.png,513,×,16925
hasy-data/v2-76784.png,513,×,16925
hasy-data/v2-76785.png,513,×,16925
hasy-data/v2-76786.png,513,×,16925
hasy-data/v2-76787.png,513,×,16925
hasy-data/v2-76788.png,513,×,16925
hasy-data/v2-76789.png,513,×,16925
hasy-data/v2-76790.png,513,×,16925
hasy-data/v2-76791.png,513,×,16925
hasy-data/v2-76792.png,513,×,16925
hasy-data/v2-76793.png,513,×,16925
hasy-data/v2-76794.png,513,×,16925
hasy-data/v2-76795.png,513,×,16925
hasy-data/v2-76796.png,513,×,16925
hasy-data/v2-76797.png,513,×,16925
hasy-data/v2-76798.png,513,×,16925
hasy-data/v2-76799.png,513,×,16925
hasy-data/v2-76800.png,513,×,16925
hasy-data/v2-76801.png,513,×,16925
hasy-data/v2-76802.png,513,×,16925
hasy-data/v2-76803.png,513,×,16925
hasy-data/v2-76804.png,513,×,16925
hasy-data/v2-76805.png,513,×,16925
hasy-data/v2-76806.png,513,×,16925
hasy-data/v2-76807.png,513,×,16925
hasy-data/v2-76808.png,513,×,16925
hasy-data/v2-76809.png,513,×,16925
hasy-data/v2-76810.png,513,×,16925
hasy-data/v2-76811.png,513,×,16925
hasy-data/v2-76812.png,513,×,16925
hasy-data/v2-76813.png,513,×,16925
hasy-data/v2-76814.png,513,×,16925
hasy-data/v2-76815.png,513,×,16925
hasy-data/v2-76816.png,513,×,16925
hasy-data/v2-76817.png,513,×,16925
hasy-data/v2-76818.png,513,×,16925
hasy-data/v2-76819.png,513,×,16925
hasy-data/v2-76820.png,513,×,16925
hasy-data/v2-76821.png,513,×,16925
hasy-data/v2-76822.png,513,×,16925
hasy-data/v2-76823.png,513,×,16925
hasy-data/v2-76824.png,513,×,16925
hasy-data/v2-76825.png,513,×,16925
hasy-data/v2-76826.png,513,×,16925
hasy-data/v2-76827.png,513,×,16925
hasy-data/v2-76828.png,513,×,16925
hasy-data/v2-76829.png,513,×,16925
hasy-data/v2-76830.png,513,×,16925
hasy-data/v2-76831.png,513,×,16925
hasy-data/v2-76832.png,513,×,16925
hasy-data/v2-76833.png,513,×,16925
hasy-data/v2-76834.png,513,×,16925
hasy-data/v2-76835.png,513,×,16925
hasy-data/v2-76836.png,513,×,16925
hasy-data/v2-76837.png,513,×,16925
hasy-data/v2-76838.png,513,×,16925
hasy-data/v2-76839.png,513,×,16925
hasy-data/v2-76840.png,513,×,16925
hasy-data/v2-76841.png,513,×,16925
hasy-data/v2-76842.png,513,×,16925
hasy-data/v2-76843.png,513,×,16925
hasy-data/v2-76844.png,513,×,16925
hasy-data/v2-76845.png,513,×,16925
hasy-data/v2-76846.png,513,×,16925
hasy-data/v2-76847.png,513,×,16925
hasy-data/v2-76848.png,513,×,16925
hasy-data/v2-76849.png,513,×,16925
hasy-data/v2-76850.png,513,×,16925
hasy-data/v2-76851.png,513,×,16925
hasy-data/v2-76852.png,513,×,16925
hasy-data/v2-76853.png,513,×,16925
hasy-data/v2-76854.png,513,×,16925
hasy-data/v2-76855.png,513,×,16925
hasy-data/v2-76856.png,513,×,16925
hasy-data/v2-76857.png,513,×,8082
hasy-data/v2-76858.png,513,×,59154
hasy-data/v2-76859.png,513,×,92768
hasy-data/v2-76860.png,513,×,116471
hasy-data/v2-76861.png,513,×,117684
hasy-data/v2-76862.png,513,×,124916
hasy-data/v2-76863.png,513,×,125926
hasy-data/v2-80187.png,526,÷,15
hasy-data/v2-80188.png,526,÷,15
hasy-data/v2-80189.png,526,÷,15
hasy-data/v2-80190.png,526,÷,50
hasy-data/v2-80191.png,526,÷,10
hasy-data/v2-80192.png,526,÷,10
hasy-data/v2-80193.png,526,÷,10
hasy-data/v2-80194.png,526,÷,6483
hasy-data/v2-80195.png,526,÷,6483
hasy-data/v2-80196.png,526,÷,6483
hasy-data/v2-80197.png,526,÷,6483
hasy-data/v2-80198.png,526,÷,6483
hasy-data/v2-80199.png,526,÷,6483
hasy-data/v2-80200.png,526,÷,6483
hasy-data/v2-80201.png,526,÷,6483
hasy-data/v2-80202.png,526,÷,6483
hasy-data/v2-80203.png,526,÷,6483
hasy-data/v2-80204.png,526,÷,6483
hasy-data/v2-80205.png,526,÷,6483
hasy-data/v2-80206.png,526,÷,8633
hasy-data/v2-80207.png,526,÷,8633
hasy-data/v2-80208.png,526,÷,9153
hasy-data/v2-80209.png,526,÷,9281
hasy-data/v2-80210.png,526,÷,9499
hasy-data/v2-80211.png,526,÷,9505
hasy-data/v2-80212.png,526,÷,50
hasy-data/v2-80213.png,526,÷,50
hasy-data/v2-80214.png,526,÷,50
hasy-data/v2-80215.png,526,÷,8486
hasy-data/v2-80216.png,526,÷,15
hasy-data/v2-80217.png,526,÷,5879
hasy-data/v2-80218.png,526,÷,5879
hasy-data/v2-80219.png,526,÷,16925
hasy-data/v2-80220.png,526,÷,16925
hasy-data/v2-80221.png,526,÷,16925
hasy-data/v2-80222.png,526,÷,16925
hasy-data/v2-80223.png,526,÷,16925
hasy-data/v2-80224.png,526,÷,16925
hasy-data/v2-80225.png,526,÷,16925
hasy-data/v2-80226.png,526,÷,16925
hasy-data/v2-80227.png,526,÷,16925
hasy-data/v2-80228.png,526,÷,16925
hasy-data/v2-80229.png,526,÷,16925
hasy-data/v2-80230.png,526,÷,16925
hasy-data/v2-80231.png,526,÷,16925
hasy-data/v2-80232.png,526,÷,16925
hasy-data/v2-80233.png,526,÷,16925
hasy-data/v2-80234.png,526,÷,16925
hasy-data/v2-80235.png,526,÷,16925
hasy-data/v2-80236.png,526,÷,16925
hasy-data/v2-80237.png,526,÷,16925
hasy-data/v2-80238.png,526,÷,16925
hasy-data/v2-80239.png,526,÷,16925
hasy-data/v2-80240.png,526,÷,16925
hasy-data/v2-80241.png,526,÷,16925
hasy-data/v2-80242.png,526,÷,16925
hasy-data/v2-80243.png,526,÷,16925
hasy-data/v2-80244.png,526,÷,16925
hasy-data/v2-80245.png,526,÷,16925
hasy-data/v2-80246.png,526,÷,16925
hasy-data/v2-80247.png,526,÷,16925
hasy-data/v2-80248.png,526,÷,16925
hasy-data/v2-80249.png,526,÷,16925
hasy-data/v2-80250.png,526,÷,16925
hasy-data/v2-80251.png,526,÷,16925
hasy-data/v2-80252.png,526,÷,16925
hasy-data/v2-80253.png,526,÷,16925
hasy-data/v2-80254.png,526,÷,16925
hasy-data/v2-80255.png,526,÷,16925
hasy-data/v2-80256.png,526,÷,16925
hasy-data/v2-80257.png,526,÷,16925
hasy-data/v2-80258.png,526,÷,16925
hasy-data/v2-80259.png,526,÷,16925
hasy-data/v2-80260.png,526,÷,16925
hasy-data/v2-80261.png,526,÷,16925
hasy-data/v2-80262.png,526,÷,16925
hasy-data/v2-80263.png,526,÷,16925
hasy-data/v2-80264.png,526,÷,16925
hasy-data/v2-80265.png,526,÷,16925
hasy-data/v2-80266.png,526,÷,16925
hasy-data/v2-80267.png,526,÷,16925
hasy-data/v2-80268.png,526,÷,16925
hasy-data/v2-80269.png,526,÷,16925
hasy-data/v2-80270.png,526,÷,16925
hasy-data/v2-80271.png,526,÷,16925
hasy-data/v2-80272.png,526,÷,16925
hasy-data/v2-80273.png,526,÷,16925
hasy-data/v2-80274.png,526,÷,16925
hasy-data/v2-80275.png,526,÷,16925
hasy-data/v2-80276.png,526,÷,16925
hasy-data/v2-80277.png,526,÷,16925
hasy-data/v2-80278.png,526,÷,16925
hasy-data/v2-80279.png,526,÷,16925
hasy-data/v2-80280.png,526,÷,16925
hasy-data/v2-80281.png,526,÷,16925
hasy-data/v2-80282.png,526,÷,16925
hasy-data/v2-80283.png,526,÷,16925
hasy-data/v2-80284.png,526,÷,16925
hasy-data/v2-80285.png,526,÷,16925
hasy-data/v2-80286.png,526,÷,16925
hasy-data/v2-80287.png,526,÷,16925
hasy-data/v2-80288.png,526,÷,16925
hasy-data/v2-80289.png,526,÷,16925
hasy-data/v2-80290.png,526,÷,16925
hasy-data/v2-80291.png,526,÷,16925
hasy-data/v2-80292.png,526,÷,16925
hasy-data/v2-80293.png,526,÷,16925
hasy-data/v2-80294.png,526,÷,16925
hasy-data/v2-80295.png,526,÷,16925
hasy-data/v2-80296.png,526,÷,16925
hasy-data/v2-80297.png,526,÷,16925
hasy-data/v2-80298.png,526,÷,16925
hasy-data/v2-80299.png,526,÷,16925
hasy-data/v2-80300.png,526,÷,16925
hasy-data/v2-80301.png,526,÷,16925
hasy-data/v2-80302.png,526,÷,16925
hasy-data/v2-80303.png,526,÷,16925
hasy-data/v2-80304.png,526,÷,16925
hasy-data/v2-80305.png,526,÷,16925
hasy-data/v2-80306.png,526,÷,16925
hasy-data/v2-80307.png,526,÷,16925
hasy-data/v2-80308.png,526,÷,16925
hasy-data/v2-80309.png,526,÷,16925
hasy-data/v2-80310.png,526,÷,16925
hasy-data/v2-80311.png,526,÷,16925
hasy-data/v2-80312.png,526,÷,16925
hasy-data/v2-80313.png,526,÷,16925
hasy-data/v2-80314.png,526,÷,16925
hasy-data/v2-80315.png,526,÷,16925
hasy-data/v2-80316.png,526,÷,16925
hasy-data/v2-80317.png,526,÷,16925
hasy-data/v2-80318.png,526,÷,16925
hasy-data/v2-80319.png,526,÷,16925
hasy-data/v2-80320.png,526,÷,16925
hasy-data/v2-80321.png,526,÷,16925
hasy-data/v2-80322.png,526,÷,16925
hasy-data/v2-80323.png,526,÷,16925
hasy-data/v2-80324.png,526,÷,16925
hasy-data/v2-80325.png,526,÷,16925
hasy-data/v2-80326.png,526,÷,16925
hasy-data/v2-80327.png,526,÷,16925
hasy-data/v2-80328.png,526,÷,16925
hasy-data/v2-80329.png,526,÷,16925
hasy-data/v2-80330.png,526,÷,16925
hasy-data/v2-80331.png,526,÷,16925
hasy-data/v2-80332.png,526,÷,16925
hasy-data/v2-80333.png,526,÷,16925
hasy-data/v2-80334.png,526,÷,16925
hasy-data/v2-80335.png,526,÷,16925
hasy-data/v2-80336.png,526,÷,16925
hasy-data/v2-80337.png,526,÷,16925
hasy-data/v2-80338.png,526,÷,16925
hasy-data/v2-80339.png,526,÷,16925
hasy-data/v2-80340.png,526,÷,16925
hasy-data/v2-80341.png,526,÷,16925
hasy-data/v2-80342.png,526,÷,16925
hasy-data/v2-80343.png,526,÷,16925
hasy-data/v2-80344.png,526,÷,16925
hasy-data/v2-80345.png,526,÷,16925
hasy-data/v2-80346.png,526,÷,16925
hasy-data/v2-80347.png,526,÷,16925
hasy-data/v2-80348.png,526,÷,16925
hasy-data/v2-80349.png,526,÷,16925
hasy-data/v2-80350.png,526,÷,16925
hasy-data/v2-80351.png,526,÷,16925
hasy-data/v2-80352.png,526,÷,16925
hasy-data/v2-80353.png,526,÷,16925
hasy-data/v2-80354.png,526,÷,16925
hasy-data/v2-80355.png,526,÷,16925
hasy-data/v2-80356.png,526,÷,16925
hasy-data/v2-80357.png,526,÷,16925
hasy-data/v2-80358.png,526,÷,16925
hasy-data/v2-80359.png,526,÷,16925
hasy-data/v2-80360.png,526,÷,16925
hasy-data/v2-80361.png,526,÷,16925
hasy-data/v2-80362.png,526,÷,16925
hasy-data/v2-80363.png,526,÷,16925
hasy-data/v2-80364.png,526,÷,16925
hasy-data/v2-80365.png,526,÷,16925
hasy-data/v2-80366.png,526,÷,16925
hasy-data/v2-80367.png,526,÷,16925
hasy-data/v2-80368.png,526,÷,16925
hasy-data/v2-80369.png,526,÷,16925
hasy-data/v2-80370.png,526,÷,16925
hasy-data/v2-80371.png,526,÷,16925
hasy-data/v2-80372.png,526,÷,16925
hasy-data/v2-80373.png,526,÷,16925
hasy-data/v2-80374.png,526,÷,16925
hasy-data/v2-80375.png,526,÷,16925
hasy-data/v2-80376.png,526,÷,16925
hasy-data/v2-80377.png,526,÷,16925
hasy-data/v2-80378.png,526,÷,16925
hasy-data/v2-80379.png,526,÷,16925
hasy-data/v2-80380.png,526,÷,16925
hasy-data/v2-80381.png,526,÷,16925
hasy-data/v2-80382.png,526,÷,16925
hasy-data/v2-80383.png,526,÷,16925
hasy-data/v2-80384.png,526,÷,16925
hasy-data/v2-80385.png,526,÷,16925
hasy-data/v2-80386.png,526,÷,16925
hasy-data/v2-80387.png,526,÷,16925
hasy-data/v2-80388.png,526,÷,16925
hasy-data/v2-80389.png,526,÷,16925
hasy-data/v2-80390.png,526,÷,16925
hasy-data/v2-80391.png,526,÷,16925
hasy-data/v2-80392.png,526,÷,16925
hasy-data/v2-80393.png,526,÷,16925
hasy-data/v2-80394.png,526,÷,16925
hasy-data/v2-80395.png,526,÷,16925
hasy-data/v2-80396.png,526,÷,16925
hasy-data/v2-80397.png,526,÷,16925
hasy-data/v2-80398.png,526,÷,16925
hasy-data/v2-80399.png,526,÷,16925
hasy-data/v2-80400.png,526,÷,16925
hasy-data/v2-80401.png,526,÷,16925
hasy-data/v2-80402.png,526,÷,16925
hasy-data/v2-80403.png,526,÷,16925
hasy-data/v2-80404.png,526,÷,16925
hasy-data/v2-80405.png,526,÷,16925
hasy-data/v2-80406.png,526,÷,16925
hasy-data/v2-80407.png,526,÷,16925
hasy-data/v2-80408.png,526,÷,16925
hasy-data/v2-80409.png,526,÷,16925
hasy-data/v2-80410.png,526,÷,16925
hasy-data/v2-80411.png,526,÷,16925
hasy-data/v2-80412.png,526,÷,16925
hasy-data/v2-80413.png,526,÷,16925
hasy-data/v2-80414.png,526,÷,16925
hasy-data/v2-80415.png,526,÷,16925
hasy-data/v2-80416.png,526,÷,16925
hasy-data/v2-80417.png,526,÷,16925
hasy-data/v2-80418.png,526,÷,16925
hasy-data/v2-80419.png,526,÷,16925
hasy-data/v2-80420.png,526,÷,16925
hasy-data/v2-80421.png,526,÷,16925
hasy-data/v2-80422.png,526,÷,16925
hasy-data/v2-80423.png,526,÷,16925
hasy-data/v2-80424.png,526,÷,16925
hasy-data/v2-80425.png,526,÷,16925
hasy-data/v2-80426.png,526,÷,16925
hasy-data/v2-80427.png,526,÷,16925
hasy-data/v2-80428.png,526,÷,16925
hasy-data/v2-80429.png,526,÷,16925
hasy-data/v2-80430.png,526,÷,16925
hasy-data/v2-80431.png,526,÷,16925
hasy-data/v2-80432.png,526,÷,16925
hasy-data/v2-80433.png,526,÷,16925
hasy-data/v2-80434.png,526,÷,16925
hasy-data/v2-80435.png,526,÷,16925
hasy-data/v2-80436.png,526,÷,16925
hasy-data/v2-80437.png,526,÷,16925
hasy-data/v2-80438.png,526,÷,16925
hasy-data/v2-80439.png,526,÷,16925
hasy-data/v2-80440.png,526,÷,16925
hasy-data/v2-80441.png,526,÷,16925
hasy-data/v2-80442.png,526,÷,16925
hasy-data/v2-80443.png,526,÷,16925
hasy-data/v2-80444.png,526,÷,16925
hasy-data/v2-80445.png,526,÷,16925
hasy-data/v2-80446.png,526,÷,16925
hasy-data/v2-80447.png,526,÷,16925
hasy-data/v2-80448.png,526,÷,16925
hasy-data/v2-80449.png,526,÷,16925
hasy-data/v2-80450.png,526,÷,16925
hasy-data/v2-80451.png,526,÷,16925
hasy-data/v2-80452.png,526,÷,16925
hasy-data/v2-80453.png,526,÷,16925
hasy-data/v2-80454.png,526,÷,16925
hasy-data/v2-80455.png,526,÷,16925
hasy-data/v2-80456.png,526,÷,16925
hasy-data/v2-80457.png,526,÷,16925
hasy-data/v2-80458.png,526,÷,16925
hasy-data/v2-80459.png,526,÷,16925
hasy-data/v2-80460.png,526,÷,16925
hasy-data/v2-80461.png,526,÷,16925
hasy-data/v2-80462.png,526,÷,16925
hasy-data/v2-80463.png,526,÷,16925
hasy-data/v2-80464.png,526,÷,16925
hasy-data/v2-80465.png,526,÷,16925
hasy-data/v2-80466.png,526,÷,16925
hasy-data/v2-80467.png,526,÷,16925
hasy-data/v2-80468.png,526,÷,16925
hasy-data/v2-80469.png,526,÷,16925
hasy-data/v2-80470.png,526,÷,16925
hasy-data/v2-80471.png,526,÷,16925
hasy-data/v2-80472.png,526,÷,16925
hasy-data/v2-80473.png,526,÷,16925
hasy-data/v2-80474.png,526,÷,16925
hasy-data/v2-80475.png,526,÷,16925
hasy-data/v2-80476.png,526,÷,16925
hasy-data/v2-80477.png,526,÷,16925
hasy-data/v2-80478.png,526,÷,16925
hasy-data/v2-80479.png,526,÷,16925
hasy-data/v2-80480.png,526,÷,16925
hasy-data/v2-80481.png,526,÷,16925
hasy-data/v2-80482.png,526,÷,16925
hasy-data/v2-80483.png,526,÷,16925
hasy-data/v2-80484.png,526,÷,16925
hasy-data/v2-80485.png,526,÷,16925
hasy-data/v2-80486.png,526,÷,16925
hasy-data/v2-80487.png,526,÷,16925
